GEOID,place,state,state_abbr,county,ua_name,ua_pop,congressio,cbg_pop,acs_pop,land_area,biome,cnpysource,tc_goal,treecanopy,tc_gap,priority_i,pctpoc,pctpocnorm,pctpov,pctpovnorm,unemplrate,unemplnorm,dep_ratio,dep_perc,depratnorm,linguistic,lingnorm,health_nor,temp_diff,temp_norm,tes,tesctyscor,holc_grade,child_perc,seniorperc
500019604004,Weybridge,Vermont,VT,Addison County,"Middlebury, VT",5978,VT Congressional District (at Large),101,730.0,0.5454513001,Forest,Google,0.5,-1,-1,0.25065058076309,0.043835616438356,0.149936009859221,0.106849315068493,0.158425785885521,0.026258205689278,0.073250787212467,0.7096018735363,0.415068493150685,0.469413225177488,0.000207511931936,0.017611738481407,0.260466241832701,-3.65,0.042622950819672,100,100.0,,0.167123287671233,0.247945205479452
500019607001,Middlebury,Vermont,VT,Addison County,"Middlebury, VT",5978,VT Congressional District (at Large),14,1051.0,0.4843541028,Forest,Google,0.5,-1,-1,0.409621440963846,0.069457659372027,0.237574035602935,0.213130352045671,0.361519980055922,0.016977928692699,0.047362209615305,0.968164794007491,0.491912464319696,0.658776270243634,0.004321988114533,0.366811313849527,0.355795084832352,0.47,0.380327868852459,59,84.0,,0.175071360608944,0.316841103710752
500019607002,Middlebury,Vermont,VT,Addison County,"Middlebury, VT",5978,VT Congressional District (at Large),82,817.0,0.0721789176,Forest,Google,0.5,-1,-1,0.446495407902053,0.062423500611995,0.213514291885665,0.336597307221542,0.597455030007508,0.020253164556962,0.056498919419574,0.819599109131403,0.450428396572827,0.54997161090112,0.004321988114533,0.366811313849527,0.355795084832352,2.6,0.554918032786885,95,84.0,,0.17625458996328,0.274173806609547
500019607003,Middlebury,Vermont,VT,Addison County,"Middlebury, VT",5978,VT Congressional District (at Large),1366,1157.0,3.4108479316,Forest,Google,0.5,-1,-1,0.317922340592625,0.063094209161625,0.215808393620298,0.100788781770377,0.146844612409691,0.021812080536913,0.060847724668522,0.53042328042328,0.346585998271392,0.338188670857334,0.004321988114533,0.366811313849527,0.355795084832352,-1.6,0.210655737704918,98,84.0,,0.167675021607606,0.178910976663786
500019607004,Middlebury,Vermont,VT,Addison County,"Middlebury, VT",5978,VT Congressional District (at Large),53,836.0,0.1019381007,Forest,Google,0.5,-1,-1,0.559017168785078,0.270334928229665,0.924657704342643,0.309808612440191,0.546264069378627,0.053691275167785,0.149779014568669,0.878651685393258,0.467703349282297,0.59321979064618,0.004321988114533,0.366811313849527,0.355795084832352,3.56,0.633606557377049,75,84.0,,0.257177033492823,0.210526315789474
500019608001,Middlebury,Vermont,VT,Addison County,"Middlebury, VT",5978,VT Congressional District (at Large),481,701.0,1.7892763673,Forest,Google,0.5,-1,-1,0.498476090691003,0.269614835948645,0.922194689741299,0.413694721825963,0.744781756741163,0.084507042253521,0.235743730676743,0.665083135391924,0.399429386590585,0.43680915417551,0.0,0.0,0.369565217391304,0.59,0.390163934426229,93,84.0,,0.165477888730385,0.2339514978602
500019608002,Middlebury,Vermont,VT,Addison County,"Middlebury, VT",5978,VT Congressional District (at Large),438,668.0,0.9702964385,Forest,Google,0.5,-1,-1,0.409853230670868,0.058383233532934,0.199694900855728,0.179640718562874,0.29752408465728,0.039285714285714,0.109592770034843,1.107255520504732,0.525449101796407,0.760641779273243,0.0,0.0,0.369565217391304,4.04,0.672950819672131,73,84.0,,0.11377245508982,0.411676646706587
500019608003,Middlebury,Vermont,VT,Addison County,"Middlebury, VT",5978,VT Congressional District (at Large),1787,1977.0,0.9477983913,Forest,Google,0.5,-1,-1,0.426370461028873,0.292362164896308,1.0,0.298941798941799,0.525498495449103,0.085185185185185,0.237635501355013,0.068648648648649,0.064238745574102,0.0,0.0,0.0,0.369565217391304,0.78,0.405737704918033,96,84.0,,0.032878098128477,0.031360647445625
500019608004,Middlebury,Vermont,VT,Addison County,"Middlebury, VT",5978,VT Congressional District (at Large),1656,1822.0,2.2013919622,Forest,Google,0.5,-1,-1,0.363958203997962,0.223929747530187,0.765932717763285,0.075664621676892,0.098834438689893,0.095577746077033,0.266626944086845,0.298645759087669,0.229967069154775,0.16844237800911,0.0,0.0,0.369565217391304,0.51,0.383606557377049,85,84.0,,0.047200878155873,0.182766190998902
500039708003,Shaftsbury,Vermont,VT,Bennington County,"Bennington, VT",13750,VT Congressional District (at Large),996,1696.0,3.0930406993,Forest,Google,0.5,-1,-1,0.217379084637657,0.053066037735849,0.22355884614558,0.064268867924528,0.0,0.0,0.0,0.967517401392111,0.491745283018868,0.399989406774906,0.0,0.0,0.144345238095238,-2.0,0.145054945054945,100,100.0,,0.234669811320755,0.257075471698113
500039709001,Bennington,Vermont,VT,Bennington County,"Bennington, VT",13750,VT Congressional District (at Large),593,676.0,1.5091719771,Forest,Google,0.5,-1,-1,0.400838791753072,0.146449704142012,0.718866947409099,0.315233785822021,0.357563069754095,0.031976744186046,0.098187414500684,0.568445475638051,0.362426035502959,0.066155588442432,0.0,0.0,0.964285714285714,-2.14,0.134798534798535,100,74.0,,0.202662721893491,0.159763313609467
500039709002,Bennington,Vermont,VT,Bennington County,"Bennington, VT",13750,VT Congressional District (at Large),850,1778.0,2.6287438603,Forest,Google,0.5,-1,-1,0.51077684821635,0.126546681664792,0.613301074361022,0.487064116985377,0.602378883862135,0.057488653555219,0.176523983269556,0.893503727369542,0.471878515185602,0.338075085537996,0.0,0.0,0.964285714285714,2.85,0.5003663003663,64,74.0,,0.377952755905512,0.09392575928009
500039710001,Bennington,Vermont,VT,Bennington County,"Bennington, VT",13750,VT Congressional District (at Large),208,1750.0,0.7304749652,Forest,Google,0.5,-1,-1,0.270418055489509,0.086285714285714,0.399756414197118,0.319191919191919,0.363202432937179,0.045197740112994,0.138783649052841,0.48936170212766,0.328571428571429,0.0,0.0,0.0,0.173181818181818,-0.56,0.250549450549451,100,74.0,,0.141142857142857,0.187428571428571
500039710002,Bennington,Vermont,VT,Bennington County,"Bennington, VT",13750,VT Congressional District (at Large),2171,1686.0,9.332767778100001,Forest,Google,0.5,-1,-1,0.339741428246722,0.173784104389087,0.863848938442406,0.348794063079777,0.405378182155515,0.051282051282051,0.157466063348416,0.510752688172043,0.338078291814947,0.01789410401546,0.0,0.0,0.173181818181818,-0.61,0.246886446886447,100,74.0,,0.075919335705812,0.262158956109134
500039711001,Bennington,Vermont,VT,Bennington County,"Bennington, VT",13750,VT Congressional District (at Large),1807,2085.0,3.880798779,Forest,Google,0.5,-1,-1,0.214167106189957,0.021103117505995,0.054027128885425,0.307396733909702,0.346397204966828,0.011605415860735,0.035635453407669,0.653449643140365,0.395203836930456,0.137263737074664,0.0,0.0,0.314642857142857,-3.98,0.0,100,74.0,,0.178896882494005,0.216306954436451
500039711002,Bennington,Vermont,VT,Bennington County,"Bennington, VT",13750,VT Congressional District (at Large),1324,1166.0,2.5885994963,Forest,Google,0.5,-1,-1,0.275962405393921,0.084048027444254,0.387887696001309,0.117408906882591,0.075711440530736,0.0,0.0,0.796610169491525,0.443396226415094,0.257021159388926,0.0,0.0,0.314642857142857,0.57,0.333333333333333,100,74.0,,0.132075471698113,0.311320754716981
500039711003,Bennington,Vermont,VT,Bennington County,"Bennington, VT",13750,VT Congressional District (at Large),843,1832.0,1.9742800681,Forest,Google,0.5,-1,-1,0.251803312706083,0.010917030567686,0.0,0.190148911798396,0.179347995271215,0.158590308370044,0.486965535112724,0.651938683498647,0.394650655021834,0.135999780895367,0.0,0.0,0.314642857142857,-3.11,0.063736263736264,100,74.0,,0.167576419213974,0.22707423580786
500039712001,Bennington,Vermont,VT,Bennington County,"Bennington, VT",13750,VT Congressional District (at Large),693,732.0,0.6499611807,Forest,Google,0.5,-1,-1,0.600858921577447,0.199453551912568,1.0,0.377049180327869,0.445634750858939,0.0,0.0,0.802955665024631,0.445355191256831,0.26232932783256,0.024494649227111,1.0,0.67625,3.0,0.511355311355311,69,74.0,,0.116120218579235,0.329234972677596
500039712002,Bennington,Vermont,VT,Bennington County,"Bennington, VT",13750,VT Congressional District (at Large),1006,811.0,1.0861586751,Forest,Google,0.5,-1,-1,0.562814622220912,0.120838471023428,0.583024655762409,0.448828606658446,0.547902718186676,0.0,0.0,0.645030425963489,0.392108508014797,0.13022084772028,0.024494649227111,1.0,0.67625,5.06,0.662271062271062,51,74.0,,0.175092478421702,0.217016029593095
500039712003,Bennington,Vermont,VT,Bennington County,"Bennington, VT",13750,VT Congressional District (at Large),955,1170.0,1.068962065,Forest,Google,0.5,-1,-1,0.713308896255636,0.033333333333333,0.11889634223516,0.76614481409002,1.0,0.325670498084291,1.0,0.555851063829787,0.357264957264957,0.055620042561424,0.024494649227111,1.0,0.67625,8.57,0.919413919413919,28,74.0,,0.228205128205128,0.129059829059829
500039712004,Bennington,Vermont,VT,Bennington County,"Bennington, VT",13750,VT Congressional District (at Large),628,607.0,0.7979140356,Forest,Google,0.5,-1,-1,0.433693666256917,0.031301482701812,0.108119381797854,0.126853377265239,0.089167479926651,0.0,0.0,0.568475452196382,0.362438220757825,0.066180664596084,0.024494649227111,1.0,0.67625,4.97,0.655677655677656,95,74.0,,0.191103789126853,0.171334431630972
500039712005,Bennington,Vermont,VT,Bennington County,"Bennington, VT",13750,VT Congressional District (at Large),535,247.0,0.3518602182,Forest,Google,0.4,-1,-1,0.647431501211907,0.076923076923077,0.350096871866268,0.226720647773279,0.231453693115232,0.0,0.0,1.684782608695652,0.62753036437247,1.0,0.024494649227111,1.0,0.67625,9.67,1.0,70,74.0,,0.0,0.62753036437247
500039712006,Bennington,Vermont,VT,Bennington County,"Bennington, VT",13750,VT Congressional District (at Large),1141,805.0,0.5066616993,Forest,Google,0.4,-1,-1,0.59497246424882,0.052173913043478,0.218827005937608,0.6,0.763284644533401,0.0,0.0,0.817155756207675,0.449689440993789,0.274208065359255,0.024494649227111,1.0,0.67625,8.54,0.917216117216117,96,74.0,,0.0,0.449689440993789
500059574001,St. Johnsbury,Vermont,VT,Caledonia County,"St. Johnsbury, VT",4819,VT Congressional District (at Large),467,1780.0,2.303616342,Forest,Google,0.5,-1,-1,0.382024438981197,0.026404494382022,0.090314334590412,0.272025723472669,0.474064120953806,0.010428736964079,0.029092360738207,0.53184165232358,0.347191011235955,0.339227440150269,0.005022321428571,0.426249279953917,0.700969320534538,-2.54,0.133606557377049,100,87.0,,0.274719101123595,0.072471910112359
500059574002,St. Johnsbury,Vermont,VT,Caledonia County,"St. Johnsbury, VT",4819,VT Congressional District (at Large),1114,910.0,0.9758441014,Forest,Google,0.5,-1,-1,0.715705866913948,0.273626373626374,0.935915814289517,0.547252747252747,1.0,0.103139013452915,0.287720113748223,0.666666666666667,0.4,0.437968880804512,0.005022321428571,0.426249279953917,0.700969320534538,8.03,1.0,71,87.0,,0.092307692307692,0.307692307692308
500059574003,St. Johnsbury,Vermont,VT,Caledonia County,"St. Johnsbury, VT",4819,VT Congressional District (at Large),1168,978.0,0.8565291332,Forest,Google,0.5,-1,-1,0.506857673847461,0.0,0.0,0.219077568134172,0.37288461379873,0.023550724637681,0.06569790562036,1.024844720496894,0.506134969325153,0.700286798723895,0.005022321428571,0.426249279953917,0.700969320534538,6.79,0.898360655737705,82,87.0,,0.186094069529652,0.320040899795501
500059575001,St. Johnsbury,Vermont,VT,Caledonia County,"St. Johnsbury, VT",4819,VT Congressional District (at Large),413,1639.0,0.685640378,Forest,Google,0.5,-1,-1,0.520607832711283,0.079926784624771,0.273382791008949,0.524100061012813,0.955757148325629,0.021052631578947,0.058729139922978,1.179521276595745,0.541183648566199,0.813566860729098,0.0,0.0,0.955204216073781,-1.55,0.214754098360656,100,87.0,,0.279438682123246,0.261744966442953
500059575002,St. Johnsbury,Vermont,VT,Caledonia County,"St. Johnsbury, VT",4819,VT Congressional District (at Large),766,757.0,1.6679375054,Forest,Google,0.5,-1,-1,0.580399938626051,0.071334214002642,0.243992631631874,0.538141470180305,0.982589109708364,0.097457627118644,0.271871124431583,1.434083601286174,0.589167767503302,1.0,0.0,0.0,0.955204216073781,-0.72,0.282786885245902,100,87.0,,0.262879788639366,0.326287978863937
500059575003,St. Johnsbury,Vermont,VT,Caledonia County,"St. Johnsbury, VT",4819,VT Congressional District (at Large),882,1339.0,1.6453728551,Forest,Google,0.5,-1,-1,0.427891983187496,0.051530993278566,0.176257393964922,0.524271844660194,0.956085412543111,0.032216494845361,0.089872234096052,0.471428571428571,0.320388349514563,0.294982871210304,0.0,0.0,0.955204216073781,-3.22,0.077868852459016,100,87.0,,0.140403286034354,0.179985063480209
500059579001,Waterford,Vermont,VT,Caledonia County,"St. Johnsbury, VT",4819,VT Congressional District (at Large),9,1442.0,0.0148614244,Forest,Google,0.5,-1,-1,0.35465275399004,0.092926490984743,0.317847184562003,0.163661581137309,0.266989286246534,0.01230012300123,0.034312843128431,0.631221719457014,0.386962552011096,0.412010158170975,0.001470047776553,0.124764377422909,0.475528353633944,0.09,0.349180327868852,98,98.0,,0.204576976421637,0.182385575589459
500070001001,Burlington,Vermont,VT,Chittenden County,"Burlington, VT",117731,VT Congressional District (at Large),1826,2083.0,1.3108376706,Forest,Google,0.5,-1,-1,0.406493489858034,0.185309649543927,0.325165988822362,0.241678726483357,0.245566319938854,0.065943992773261,0.294675441992515,0.628616106333073,0.385981757081133,0.341925078758575,0.055657352267522,0.318379756687841,0.544890931808305,0.52,0.313234736442928,100,86.0,,0.193951032165146,0.192030724915986
500070001002,Burlington,Vermont,VT,Chittenden County,"Burlington, VT",117731,VT Congressional District (at Large),1320,1299.0,0.7880824242,Forest,Google,0.5,-1,-1,0.409127712145308,0.296381832178599,0.520066233822824,0.155504234026174,0.158005642616407,0.012987012987013,0.058033395176252,0.505214368482039,0.335642802155504,0.274802794571821,0.055657352267522,0.318379756687841,0.544890931808305,6.24,0.530147895335609,82,86.0,,0.190146266358737,0.145496535796767
500070001003,Burlington,Vermont,VT,Chittenden County,"Burlington, VT",117731,VT Congressional District (at Large),1427,1201.0,1.3783053835,Forest,Google,0.5,-1,-1,0.353100746816132,0.119067443796836,0.208929665530297,0.170997485331098,0.173748115121947,0.054208273894436,0.242233543916853,0.524111675126904,0.343880099916736,0.285081664294969,0.055657352267522,0.318379756687841,0.544890931808305,-2.59,0.195297686765264,100,86.0,,0.15736885928393,0.186511240632806
500070002001,Burlington,Vermont,VT,Chittenden County,"Burlington, VT",117731,VT Congressional District (at Large),1582,1070.0,1.0500499974,Forest,Google,0.5,-1,-1,0.322848788505215,0.158878504672897,0.278786810086404,0.264232008592911,0.268482389428185,0.0,0.0,0.682389937106918,0.405607476635514,0.371174442777822,0.019831618334892,0.113443876917473,0.436686106972124,-0.76,0.264694728858551,100,86.0,,0.057009345794392,0.348598130841122
500070002002,Burlington,Vermont,VT,Chittenden County,"Burlington, VT",117731,VT Congressional District (at Large),1648,1479.0,0.7391683226,Forest,Google,0.5,-1,-1,0.359501339712524,0.218390804597701,0.383214053350683,0.080800593031875,0.082100334474747,0.0,0.0,0.940944881889764,0.484787018255578,0.511811023622047,0.019831618334892,0.113443876917473,0.436686106972124,5.21,0.491088357982556,86,86.0,,0.160243407707911,0.324543610547667
500070002003,Burlington,Vermont,VT,Chittenden County,"Burlington, VT",117731,VT Congressional District (at Large),924,1140.0,1.1159384898,Forest,Google,0.5,-1,-1,0.316095469703964,0.067543859649123,0.118520357497517,0.057017543859649,0.057934716146936,0.089337175792507,0.399209551255661,0.640287769784173,0.390350877192982,0.348273682309383,0.019831618334892,0.113443876917473,0.436686106972124,-2.29,0.206674251042852,95,86.0,,0.180701754385965,0.209649122807018
500070002004,Burlington,Vermont,VT,Chittenden County,"Burlington, VT",117731,VT Congressional District (at Large),370,207.0,0.976176225,Forest,Google,0.5,-1,-1,0.268475224423773,0.188405797101449,0.330598851517637,0.0,0.0,0.0,0.0,0.370860927152318,0.270531400966184,0.201723516861093,0.019831618334892,0.113443876917473,0.436686106972124,-1.73,0.227910504361016,91,86.0,,0.082125603864734,0.188405797101449
500070002005,Burlington,Vermont,VT,Chittenden County,"Burlington, VT",117731,VT Congressional District (at Large),1550,1686.0,1.5541317521,Forest,Google,0.5,-1,-1,0.280785110196702,0.048635824436536,0.085342107030148,0.090747330960854,0.092207073550037,0.0,0.0,0.697885196374622,0.411032028469751,0.37960282647992,0.019831618334892,0.113443876917473,0.436686106972124,0.14,0.298824421691316,100,86.0,,0.198695136417556,0.212336892052194
500070003001,Burlington,Vermont,VT,Chittenden County,"Burlington, VT",117731,VT Congressional District (at Large),1368,769.0,0.3251798578,Forest,Google,0.5,-1,-1,0.375040677762454,0.261378413524057,0.458645140712025,0.373211963589077,0.379215373191046,0.047535211267606,0.212414486921529,0.152923538230885,0.132639791937581,0.083180167238556,0.010300782859497,0.058924124251142,0.471664811177523,4.79,0.475161167993933,82,86.0,,0.024707412223667,0.107932379713914
500070003002,Burlington,Vermont,VT,Chittenden County,"Burlington, VT",117731,VT Congressional District (at Large),1349,2066.0,0.3694660247,Forest,Google,0.4,-1,-1,0.466654947487992,0.422555663117134,0.741465597545161,0.483059051306873,0.490829438191166,0.041701417848207,0.186345764327416,0.6128024980484,0.379961277831559,0.333323534503314,0.010300782859497,0.058924124251142,0.471664811177523,7.27,0.569207432688661,92,86.0,,0.23620522749274,0.143756050338819
500070003004,Burlington,Vermont,VT,Chittenden County,"Burlington, VT",117731,VT Congressional District (at Large),813,918.0,0.1149873381,Forest,Google,0.3,-1,-1,0.509541903617268,0.082788671023965,0.145270686891109,0.645969498910675,0.656360429188059,0.223785166240409,1.0,0.044368600682594,0.042483660130719,0.02413354848844,0.010300782859497,0.058924124251142,0.471664811177523,14.12,0.828972317026925,84,86.0,,0.006535947712418,0.035947712418301
500070003005,Burlington,Vermont,VT,Chittenden County,"Burlington, VT",117731,VT Congressional District (at Large),1717,1505.0,0.410395519,Forest,Google,0.4,-1,-1,0.472109559671589,0.32890365448505,0.577132827681314,0.54485049833887,0.553614849518584,0.079760717846461,0.356416464891041,0.396103896103896,0.283720930232558,0.215454002064881,0.010300782859497,0.058924124251142,0.471664811177523,9.69,0.660978384527873,84,86.0,,0.277076411960133,0.006644518272425
500070006001,Burlington,Vermont,VT,Chittenden County,"Burlington, VT",117731,VT Congressional District (at Large),1596,1720.0,1.0800460328,Forest,Google,0.5,-1,-1,0.393030697815501,0.198255813953488,0.347882843352347,0.572674418604651,0.581886339547353,0.043516873889876,0.194458259325044,0.10397946084724,0.094186046511628,0.056557865732808,0.050937717064135,0.291381772657142,0.514962085936662,-0.04,0.291998483124763,100,86.0,,0.037790697674419,0.056395348837209
500070006002,Burlington,Vermont,VT,Chittenden County,"Burlington, VT",117731,VT Congressional District (at Large),768,957.0,0.3859821564,Forest,Google,0.5,-1,-1,0.491522132160889,0.457680250783699,0.803099307978943,0.609195402298851,0.618994792148162,0.0,0.0,0.933333333333333,0.482758620689655,0.507670850767085,0.050937717064135,0.291381772657142,0.514962085936662,0.41,0.309063329541145,100,86.0,,0.379310344827586,0.103448275862069
500070006003,Burlington,Vermont,VT,Chittenden County,"Burlington, VT",117731,VT Congressional District (at Large),1942,1911.0,0.615310988,Forest,Google,0.5,-1,-1,0.402388540180538,0.125065410779696,0.219454400047392,0.456584243818286,0.463928762485605,0.024074074074074,0.107576719576719,0.353399433427762,0.261119832548404,0.192225633245226,0.050937717064135,0.291381772657142,0.514962085936662,7.09,0.562381494122108,85,86.0,,0.092098377812664,0.16902145473574
500070008001,Burlington,Vermont,VT,Chittenden County,"Burlington, VT",117731,VT Congressional District (at Large),1780,1773.0,0.7963376543,Forest,Google,0.4,-1,-1,0.298902804660666,0.020304568527919,0.035628771190499,0.261703327693175,0.265913032696283,0.011204481792717,0.050068027210884,0.578806767586821,0.366610265087422,0.314832132997016,0.0,0.0,0.254489595856121,8.77,0.626090254076602,90,86.0,,0.206429780033841,0.160180485053582
500070008002,Burlington,Vermont,VT,Chittenden County,"Burlington, VT",117731,VT Congressional District (at Large),815,797.0,0.5732824331,Forest,Google,0.5,-1,-1,0.250538375569176,0.053952321204517,0.094671054189058,0.164366373902133,0.167010337021202,0.0,0.0,0.420677361853832,0.296110414052698,0.228820322347273,0.0,0.0,0.254489595856121,3.49,0.42586272279105,98,86.0,,0.181932245922208,0.114178168130489
500070009001,Burlington,Vermont,VT,Chittenden County,"Burlington, VT",117731,VT Congressional District (at Large),1961,1574.0,0.3505006154,Forest,Google,0.4,-1,-1,0.380384451730707,0.092121982210928,0.161648006521061,0.474199288256228,0.4818271588448,0.053003533568904,0.236850075719333,0.238394964594807,0.192503176620076,0.129670901244037,0.026221692491061,0.149997363063908,0.374585601545347,9.3,0.646188850967008,86,86.0,,0.083862770012706,0.10864040660737
500070009002,Burlington,Vermont,VT,Chittenden County,"Burlington, VT",117731,VT Congressional District (at Large),781,1021.0,0.2214543179,Forest,Google,0.4,-1,-1,0.308916210636948,0.058765915768854,0.103117550311385,0.261178861788618,0.265380130342858,0.004231311706629,0.018907918597622,0.248166259168704,0.198824681684623,0.134985831346994,0.026221692491061,0.149997363063908,0.374585601545347,7.5,0.577929465301479,91,86.0,,0.125367286973555,0.073457394711068
500070010001,Burlington,Vermont,VT,Chittenden County,"Burlington, VT",117731,VT Congressional District (at Large),851,757.0,0.9884160434,Forest,Google,0.5,-1,-1,0.395683551330276,0.116248348745046,0.203982951571496,0.494055482166447,0.502002755338025,0.065263157894737,0.291633082706767,0.257475083056478,0.204755614266843,0.14004920835708,0.003410059676044,0.019506748447744,0.411073125321007,11.55,0.731513083048919,70,86.0,,0.150594451783355,0.054161162483487
500070010002,Burlington,Vermont,VT,Chittenden County,"Burlington, VT",117731,VT Congressional District (at Large),647,497.0,0.4499000733,Forest,Google,0.3,-1,-1,0.389050411202316,0.022132796780684,0.038836794351012,0.372950819672131,0.378950028567661,0.0,0.0,1.045267489711934,0.511066398390342,0.568555538337035,0.003410059676044,0.019506748447744,0.411073125321007,14.18,0.831247629882442,85,86.0,,0.164989939637827,0.346076458752515
500070010003,Burlington,Vermont,VT,Chittenden County,"Burlington, VT",117731,VT Congressional District (at Large),1408,1164.0,0.3051547696,Forest,Google,0.3,-1,-1,0.389121787844885,0.160652920962199,0.28190040848084,0.326869806094183,0.332127765441542,0.028220858895706,0.126106923751095,0.143418467583497,0.125429553264605,0.078010045129099,0.003410059676044,0.019506748447744,0.411073125321007,18.63,1.0,78,86.0,,0.038659793814433,0.086769759450172
500070011001,Burlington,Vermont,VT,Chittenden County,"Burlington, VT",117731,VT Congressional District (at Large),1555,1431.0,0.7676479966,Forest,Google,0.5,-1,-1,0.336611628937784,0.13277428371768,0.232981290297061,0.193570929419986,0.196684670911996,0.0,0.0,0.547027027027027,0.353598881900769,0.2975460816465,0.041823308270677,0.239244128019163,0.26217655931639,8.39,0.611679939324991,85,86.0,,0.247379454926625,0.106219426974144
500070011002,Burlington,Vermont,VT,Chittenden County,"Burlington, VT",117731,VT Congressional District (at Large),931,760.0,1.0261866451,Forest,Google,0.5,-1,-1,0.281464560079755,0.023684210526316,0.041559086395233,0.034210526315789,0.034760829688161,0.0,0.0,0.813842482100239,0.448684210526316,0.442675827083812,0.041823308270677,0.239244128019163,0.26217655931639,2.57,0.39097459233978,95,86.0,,0.043421052631579,0.405263157894737
500070021012,Milton,Vermont,VT,Chittenden County,"Milton, VT",6481,VT Congressional District (at Large),601,1420.0,1.5851078663,Forest,Google,0.5,-1,-1,0.22863999954449,0.033802816901408,0.115619669574541,0.023943661971831,0.0,0.072497123130034,0.202240450195066,0.613636363636364,0.380281690140845,0.399131217444666,0.0,0.0,0.169607566346697,-2.78,0.113934426229508,100,98.0,,0.27112676056338,0.109154929577465
500070021031,Milton,Vermont,VT,Chittenden County,"Milton, VT",6481,VT Congressional District (at Large),2548,2429.0,3.3050970644,Forest,Google,0.5,-1,-1,0.325799277461967,0.027995059695348,0.09575472840433,0.173553719008264,0.285892336373487,0.0,0.0,0.396779758481886,0.284067517496912,0.240312516681521,0.0,0.0,0.438355381678363,4.32,0.695901639344262,97,98.0,,0.177027583367641,0.107039934129271
500070021032,Milton,Vermont,VT,Chittenden County,"Milton, VT",6481,VT Congressional District (at Large),415,1653.0,1.266913674,Forest,Google,0.5,-1,-1,0.265217250607571,0.054446460980036,0.186229504078775,0.125226860254083,0.193543741415999,0.007699711260828,0.021479377450175,0.523502304147465,0.343617664851785,0.333119973690585,0.0,0.0,0.438355381678363,-2.8,0.112295081967213,100,98.0,,0.206291591046582,0.137326073805203
500070021041,Milton,Vermont,VT,Chittenden County,"Milton, VT",6481,VT Congressional District (at Large),695,1380.0,3.0794844578,Forest,Google,0.5,-1,-1,0.346654993859614,0.110144927536232,0.376741387091921,0.18768115942029,0.312888696286561,0.027096774193548,0.075590086546027,0.519823788546256,0.342028985507246,0.330425948908148,0.0,0.0,0.438355381678363,0.52,0.384426229508197,100,98.0,,0.285507246376812,0.056521739130435
500070021042,Milton,Vermont,VT,Chittenden County,"Milton, VT",6481,VT Congressional District (at Large),1315,1259.0,2.245396165,Forest,Google,0.5,-1,-1,0.542727804713511,0.144559173947577,0.494452399471212,0.49166004765687,0.893766989414995,0.358469945355191,1.0,0.427437641723356,0.299444003177125,0.26276534988478,0.0,0.0,0.438355381678363,0.15,0.354098360655738,100,98.0,,0.012708498808578,0.286735504368546
500070021043,Milton,Vermont,VT,Chittenden County,"Milton, VT",6481,VT Congressional District (at Large),829,1044.0,2.4868790503,Forest,Google,0.5,-1,-1,0.317495572007157,0.0,0.0,0.228927203065134,0.391706444353563,0.11484593837535,0.320378151260504,0.606153846153846,0.377394636015326,0.393651265823343,0.0,0.0,0.438355381678363,-2.37,0.147540983606557,100,98.0,,0.281609195402299,0.095785440613027
500070022011,Colchester,Vermont,VT,Chittenden County,"Burlington, VT",117731,VT Congressional District (at Large),1455,1347.0,0.3752869391,Forest,Google,0.5,-1,-1,0.275465745852993,0.093541202672606,0.164138336765138,0.0,0.0,0.027350427350427,0.122217338217338,0.006726457399103,0.006681514476615,0.003658742518341,0.0,0.0,0.368234519717571,10.89,0.706484641638225,74,93.0,,0.006681514476615,0.0
500070022012,Colchester,Vermont,VT,Chittenden County,"Burlington, VT",117731,VT Congressional District (at Large),3,0.0,2.6327306506,Forest,Google,0.5,-1,-1,0.170747656191869,0.0,0.0,0.0,0.0,0.0,0.0,0.0,0.0,0.0,0.0,0.0,0.368234519717571,-2.94,0.182025028441411,100,93.0,,0.0,0.0
500070022013,Colchester,Vermont,VT,Chittenden County,"Burlington, VT",117731,VT Congressional District (at Large),332,369.0,3.5363531561,Forest,Google,0.5,-1,-1,0.410877744373518,0.447154471544715,0.784629544408651,0.0,0.0,0.0,0.0,1.838461538461538,0.64769647696477,1.0,0.0,0.0,0.368234519717571,-0.75,0.265073947667804,100,93.0,,0.436314363143631,0.211382113821138
500070022014,Colchester,Vermont,VT,Chittenden County,"Burlington, VT",117731,VT Congressional District (at Large),1258,1571.0,1.5820902032,Forest,Google,0.5,-1,-1,0.374588591333563,0.180776575429663,0.317211726697332,0.321869488536155,0.327047013820919,0.129192546583851,0.577306122448979,0.368466898954704,0.269255251432209,0.200421325791261,0.0,0.0,0.368234519717571,1.37,0.345468335229427,93,93.0,,0.127307447485678,0.141947803946531
500070022021,Colchester,Vermont,VT,Chittenden County,"Burlington, VT",117731,VT Congressional District (at Large),1226,1570.0,2.1775630889,Forest,Google,0.5,-1,-1,0.254770442689489,0.110191082802548,0.193354164162961,0.210828025477707,0.214219361008179,0.011872146118721,0.053051532941944,0.456400742115028,0.313375796178344,0.248251449685998,0.0,0.0,0.368234519717571,-4.4,0.126659082290482,99,93.0,,0.135668789808917,0.177707006369427
500070022022,Colchester,Vermont,VT,Chittenden County,"Burlington, VT",117731,VT Congressional District (at Large),2780,3320.0,11.877763712,Forest,Google,0.5,-1,-1,0.240493466473189,0.117469879518072,0.2061263923619,0.163575554879903,0.166206797049553,0.019693654266958,0.088002500781494,0.419410004275331,0.295481927710843,0.22813096466859,0.0,0.0,0.368234519717571,-6.79,0.036025786879029,100,93.0,,0.204819277108434,0.09066265060241
500070023011,Colchester,Vermont,VT,Chittenden County,"Milton, VT",6481,VT Congressional District (at Large),78,1458.0,0.741682662,Forest,Google,0.5,-1,-1,0.254478090124471,0.104938271604938,0.358932461873638,0.180497925311203,0.299162135232819,0.003921568627451,0.010939741750358,0.469758064516129,0.319615912208505,0.293759446462596,0.0,0.0,0.150997553171466,-3.1,0.087704918032787,100,93.0,,0.185185185185185,0.13443072702332
500070023031,Colchester,Vermont,VT,Chittenden County,"Burlington, VT",117731,VT Congressional District (at Large),2291,1376.0,6.300166658,Forest,Google,0.5,-1,-1,0.227422821721122,0.079941860465116,0.14027534006143,0.057412790697674,0.058336320842945,0.023174971031286,0.103559013408376,0.570776255707763,0.363372093023256,0.310464072142298,0.0,0.0,0.36288367352986,-7.33,0.015547971179371,100,93.0,,0.194767441860465,0.168604651162791
500070023032,Colchester,Vermont,VT,Chittenden County,"Burlington, VT",117731,VT Congressional District (at Large),487,410.0,1.731258468,Forest,Google,0.5,-1,-1,0.22676625400075,0.070731707317073,0.124114127933732,0.139024390243902,0.141260707513241,0.027272727272727,0.12187012987013,0.433566433566433,0.302439024390244,0.235831114492202,0.0,0.0,0.36288367352986,-7.74,0.0,100,93.0,,0.0,0.302439024390244
500070023033,Colchester,Vermont,VT,Chittenden County,"Burlington, VT",117731,VT Congressional District (at Large),2437,3041.0,3.7245366131,Forest,Google,0.5,-1,-1,0.31172218452417,0.095363367313384,0.16733572000273,0.131710570190063,0.133829238879448,0.113623827909542,0.507736191001497,0.541307653319818,0.351200263071358,0.294435125236721,0.0,0.0,0.36288367352986,-2.98,0.180508153204399,100,93.0,,0.233804669516606,0.117395593554752
500070023041,Colchester,Vermont,VT,Chittenden County,"Burlington, VT",117731,VT Congressional District (at Large),785,1336.0,1.5694576351,Forest,Google,0.5,-1,-1,0.301959466797819,0.12874251497006,0.225906677211614,0.267964071856287,0.272274485880785,0.0,0.0,0.753280839895013,0.429640718562874,0.409734348060049,0.027318718381113,0.156272739482756,0.36288367352986,-3.95,0.143723928706864,100,93.0,,0.241017964071856,0.188622754491018
500070023042,Colchester,Vermont,VT,Chittenden County,"Burlington, VT",117731,VT Congressional District (at Large),1540,1749.0,2.5978747733,Forest,Google,0.5,-1,-1,0.319236172764234,0.098341909662664,0.172562218842034,0.320754716981132,0.325914310283778,0.043985637342908,0.196552962298025,0.503869303525365,0.335048599199543,0.27407116928158,0.027318718381113,0.156272739482756,0.36288367352986,-2.02,0.216913158892681,100,93.0,,0.235563178959405,0.099485420240137
500070024001,Winooski,Vermont,VT,Chittenden County,"Burlington, VT",117731,VT Congressional District (at Large),1386,1455.0,0.4784694475,Forest,Google,0.5,-1,-1,0.605508839378034,0.316151202749141,0.554755884069247,0.408247422680412,0.414814405350875,0.052884615384615,0.236318681318681,0.631165919282511,0.386941580756014,0.343312006304295,0.174814356435643,1.0,0.858454045954046,6.08,0.524080394387562,87,86.0,,0.312027491408935,0.074914089347079
500070024002,Winooski,Vermont,VT,Chittenden County,"Burlington, VT",117731,VT Congressional District (at Large),934,1228.0,0.5042324869,Forest,Google,0.4,-1,-1,0.581849180503352,0.259771986970684,0.455826316759879,0.40016849199663,0.406605518677541,0.035310734463277,0.157788539144471,0.451536643026005,0.311074918566775,0.245605705411634,0.174814356435643,1.0,0.858454045954046,8.7,0.623435722411832,88,86.0,,0.1685667752443,0.142508143322475
500070024003,Winooski,Vermont,VT,Chittenden County,"Burlington, VT",117731,VT Congressional District (at Large),1121,796.0,0.5030366802,Forest,Google,0.5,-1,-1,0.561696807931478,0.345477386934673,0.606215037451408,0.375628140703518,0.38167041642529,0.017681728880157,0.079012068481616,0.279742765273312,0.218592964824121,0.152161336759542,0.174814356435643,1.0,0.858454045954046,5.8,0.513462267728479,77,86.0,,0.194723618090452,0.023869346733668
500070025011,Winooski,Vermont,VT,Chittenden County,"Burlington, VT",117731,VT Congressional District (at Large),1439,1460.0,0.9094457184,Forest,Google,0.5,-1,-1,0.45001869379075,0.243150684931507,0.42666063582321,0.397260273972603,0.403650519666532,0.001004016064257,0.004486517498566,0.409266409266409,0.29041095890411,0.222613528052859,0.124384787472036,0.71152501435331,0.429730227399719,6.07,0.523701175578309,83,86.0,,0.154109589041096,0.136301369863014
500070025012,Winooski,Vermont,VT,Chittenden County,"Burlington, VT",117731,VT Congressional District (at Large),813,852.0,0.2324324281,Forest,Google,0.4,-1,-1,0.507901083121574,0.023474178403756,0.041190539463194,0.484741784037559,0.492539239008672,0.144827586206897,0.647172413793103,0.354531001589825,0.261737089201878,0.192841130571871,0.124384787472036,0.71152501435331,0.429730227399719,9.6,0.657565415244596,85,86.0,,0.034037558685446,0.227699530516432
500070025021,Winooski,Vermont,VT,Chittenden County,"Burlington, VT",117731,VT Congressional District (at Large),1444,1547.0,0.7632608046,Forest,Google,0.5,-1,-1,0.253855960949978,0.032320620555915,0.05671354173019,0.283602150537634,0.288164115425639,0.013013013013013,0.058149578149578,0.259771986970684,0.206205559146736,0.141298570318782,0.0,0.0,0.429730227399719,-1.87,0.222601441031475,98,86.0,,0.097608274078862,0.108597285067873
500070025022,Winooski,Vermont,VT,Chittenden County,"Burlington, VT",117731,VT Congressional District (at Large),876,677.0,0.3253946262,Forest,Google,0.5,-1,-1,0.304556235666451,0.223042836041359,0.39137705192163,0.24519940915805,0.249143635578823,0.0,0.0,0.054517133956386,0.051698670605613,0.029653671189666,0.0,0.0,0.429730227399719,5.21,0.491088357982556,87,86.0,,0.0,0.051698670605613
500070026011,Essex,Vermont,VT,Chittenden County,"Burlington, VT",117731,VT Congressional District (at Large),1319,1241.0,1.2870590082,Forest,Google,0.5,-1,-1,0.3236450458419,0.244157937147462,0.428428078390829,0.134568896051571,0.136733543173044,0.0,0.0,0.475624256837099,0.32232070910556,0.258707754764949,0.003368197128169,0.019267279855294,0.387413169457661,5.68,0.508911642017444,82,88.0,,0.203867848509267,0.118452860596293
500070026012,Essex,Vermont,VT,Chittenden County,"Burlington, VT",117731,VT Congressional District (at Large),1375,1086.0,1.4570096734,Forest,Google,0.5,-1,-1,0.341528143900376,0.0,0.0,0.178637200736648,0.181510721391929,0.167056074766355,0.746502002670227,0.265734265734266,0.209944751381215,0.144541650817801,0.003368197128169,0.019267279855294,0.387413169457661,2.79,0.399317406143345,85,88.0,,0.061694290976059,0.148250460405156
500070026013,Essex,Vermont,VT,Chittenden County,"Burlington, VT",117731,VT Congressional District (at Large),2014,2656.0,3.7997004811,Forest,Google,0.5,-1,-1,0.313428230424825,0.22816265060241,0.400360877472153,0.18335843373494,0.186307899156949,0.002141327623126,0.009568675435913,0.867791842475387,0.46460843373494,0.472020667455231,0.003368197128169,0.019267279855294,0.387413169457661,-2.86,0.185058778915434,88,88.0,,0.28539156626506,0.179216867469879
500070026014,Essex,Vermont,VT,Chittenden County,"Burlington, VT",117731,VT Congressional District (at Large),1341,1097.0,0.9526167737,Forest,Google,0.5,-1,-1,0.355420123691543,0.113947128532361,0.199944961386973,0.351868732907931,0.357528819764359,0.028667790893761,0.128104071308118,0.698142414860681,0.411121239744758,0.379742736116688,0.003368197128169,0.019267279855294,0.387413169457661,5.83,0.514599924156238,85,88.0,,0.14767547857794,0.263445761166819
500070026021,Essex,Vermont,VT,Chittenden County,"Burlington, VT",117731,VT Congressional District (at Large),1216,1165.0,1.7327194161,Forest,Google,0.5,-1,-1,0.392439517400681,0.437768240343348,0.76815936513078,0.412698412698413,0.419336993063535,0.0,0.0,0.493589743589744,0.330472103004292,0.268479776847978,0.008685162846803,0.049682205877643,0.263751784938226,5.58,0.505119453924915,78,88.0,,0.180257510729614,0.150214592274678
500070026022,Essex,Vermont,VT,Chittenden County,"Burlington, VT",117731,VT Congressional District (at Large),1238,1139.0,0.8772676022,Forest,Google,0.5,-1,-1,0.261728390099855,0.052677787532924,0.092434608312489,0.067603160667252,0.068690610972891,0.0,0.0,0.763157894736842,0.432835820895522,0.415106804668575,0.008685162846803,0.049682205877643,0.263751784938226,1.97,0.368221463784604,93,88.0,,0.219490781387182,0.213345039508341
500070026023,Essex,Vermont,VT,Chittenden County,"Burlington, VT",117731,VT Congressional District (at Large),2109,2089.0,1.8137079873,Forest,Google,0.5,-1,-1,0.275728534514567,0.070368597415031,0.123476972822602,0.101483963618956,0.103116413435883,0.051441932969602,0.229871951898452,0.494277539341917,0.330780277644806,0.268853891692256,0.008685162846803,0.049682205877643,0.263751784938226,0.91,0.328024270003792,96,88.0,,0.235998085208234,0.094782192436573
500070027011,Essex,Vermont,VT,Chittenden County,"Burlington, VT",117731,VT Congressional District (at Large),70,717.0,0.5407522114,Forest,Google,0.5,-1,-1,0.212958989163576,0.02370990237099,0.04160416831136,0.00557880055788,0.005668539977042,0.0,0.0,0.506302521008403,0.336122733612273,0.275394676699132,0.0,0.0,0.257078109037855,0.14,0.298824421691316,90,88.0,,0.142259414225941,0.193863319386332
500070027012,Essex,Vermont,VT,Chittenden County,"Burlington, VT",117731,VT Congressional District (at Large),1850,2232.0,5.1050353216,Forest,Google,0.5,-1,-1,0.313580800470504,0.17741935483871,0.311320754716981,0.281535648994515,0.286064372570835,0.021355617455896,0.095429102002918,0.896346644010195,0.472670250896057,0.487552567871654,0.0,0.0,0.257078109037855,-1.84,0.223739097459234,100,88.0,,0.237903225806452,0.234767025089606
500070027013,Essex,Vermont,VT,Chittenden County,"Burlington, VT",117731,VT Congressional District (at Large),1775,1685.0,3.9891465703,Forest,Google,0.5,-1,-1,0.244531691395118,0.087240356083086,0.153082134259,0.028486646884273,0.02894487712906,0.022821576763485,0.10197984588026,0.648727984344423,0.393471810089021,0.352864593994874,0.0,0.0,0.257078109037855,-1.67,0.230185817216534,100,88.0,,0.240949554896142,0.152522255192878
500070027014,Essex,Vermont,VT,Chittenden County,"Burlington, VT",117731,VT Congressional District (at Large),1492,1391.0,3.2806368379,Forest,Google,0.5,-1,-1,0.261724604195545,0.063982746225737,0.112271611301765,0.107117181883537,0.108840246471476,0.0,0.0,1.079222720478326,0.519051042415528,0.587024910720428,0.0,0.0,0.257078109037855,-2.66,0.192643155100493,87,88.0,,0.127965492451474,0.391085549964055
500070027021,Essex,Vermont,VT,Chittenden County,"Burlington, VT",117731,VT Congressional District (at Large),1105,2748.0,3.1922608723,Forest,Google,0.5,-1,-1,0.265829336434556,0.119723435225619,0.210080744829859,0.23029197080292,0.233996399287685,0.024739583333333,0.110550595238095,0.692118226600985,0.409024745269287,0.376465980996352,0.0,0.0,0.219895923285754,-4.08,0.138794084186576,93,88.0,,0.250727802037846,0.158296943231441
500070027022,Essex,Vermont,VT,Chittenden County,"Burlington, VT",117731,VT Congressional District (at Large),2504,2605.0,4.8781558157,Forest,Google,0.5,-1,-1,0.227784582422571,0.058349328214971,0.102386557056459,0.079462571976967,0.080740790292951,0.012760241773002,0.0570200518085,0.750672043010753,0.428790786948177,0.408315337202502,0.0,0.0,0.219895923285754,-4.43,0.125521425862723,100,88.0,,0.29021113243762,0.138579654510557
500070031011,Williston,Vermont,VT,Chittenden County,"Burlington, VT",117731,VT Congressional District (at Large),1435,1467.0,6.1404188484,Forest,Google,0.5,-1,-1,0.354788772508427,0.223585548738923,0.392329359107921,0.336059986366735,0.341465777032151,0.020860495436767,0.09321661389458,0.840652446675031,0.456714383094751,0.457258653003155,0.0,0.0,0.29961951889918,2.75,0.397800530906333,89,87.0,,0.405589638718473,0.051124744376278
500070031012,Williston,Vermont,VT,Chittenden County,"Burlington, VT",117731,VT Congressional District (at Large),857,1250.0,1.8985428938,Forest,Google,0.5,-1,-1,0.245768906746871,0.0264,0.046324528301887,0.0784,0.079661126005362,0.0,0.0,0.937984496124031,0.484,0.51020077195031,0.0,0.0,0.29961951889918,-2.52,0.197952218430034,92,87.0,,0.3224,0.1616
500070031013,Williston,Vermont,VT,Chittenden County,"Burlington, VT",117731,VT Congressional District (at Large),623,1675.0,2.0683358197,Forest,Google,0.5,-1,-1,0.269008412600834,0.096119402985075,0.168662348634187,0.149850746268657,0.152261214037053,0.0,0.0,0.785714285714286,0.44,0.427375971309026,0.0,0.0,0.29961951889918,-0.71,0.266590822904816,89,87.0,,0.164776119402985,0.275223880597015
500070031014,Williston,Vermont,VT,Chittenden County,"Burlington, VT",117731,VT Congressional District (at Large),2128,2180.0,3.5945404754,Forest,Google,0.5,-1,-1,0.295598708246929,0.143119266055046,0.251133806473948,0.094775774387425,0.096300317675158,0.025716385011021,0.114915503306392,0.4562458249833,0.313302752293578,0.24816718513736,0.0,0.0,0.29961951889918,5.74,0.511186954872962,78,87.0,,0.128440366972477,0.184862385321101
500070031015,Williston,Vermont,VT,Chittenden County,"Burlington, VT",117731,VT Congressional District (at Large),1755,1405.0,5.0479838069,Forest,Google,0.5,-1,-1,0.269421477954356,0.027046263345196,0.047458537567985,0.158718861209964,0.161271979620849,0.062275449101796,0.278282292557742,0.698911729141475,0.411387900355872,0.380161191583229,0.0,0.0,0.29961951889918,-3.76,0.15092908608267,91,87.0,,0.240569395017794,0.170818505338078
500070033011,So. Burlington,Vermont,VT,Chittenden County,"Burlington, VT",117731,VT Congressional District (at Large),1972,2046.0,4.720748342799999,Forest,Google,0.5,-1,-1,0.311785384266982,0.254154447702835,0.445969125214408,0.048875855327468,0.049662062115578,0.06039603960396,0.269884016973125,0.783783783783784,0.439393939393939,0.426325907497456,0.007768361581921,0.044437778111094,0.142833067356372,-0.67,0.268107698141828,86,86.0,,0.27761485826002,0.16177908113392
500070033012,So. Burlington,Vermont,VT,Chittenden County,"Burlington, VT",117731,VT Congressional District (at Large),1438,2417.0,1.7728166321,Forest,Google,0.5,-1,-1,0.298271845435438,0.132809267687215,0.233042677262472,0.033665835411471,0.03420737699986,0.066985645933014,0.29933014354067,0.760378732702112,0.431940422010757,0.413595126574371,0.007768361581921,0.044437778111094,0.142833067356372,2.14,0.374668183541904,79,86.0,,0.264791063301614,0.167149358709143
500070033041,So. Burlington,Vermont,VT,Chittenden County,"Burlington, VT",117731,VT Congressional District (at Large),1896,1920.0,2.1079182104,Forest,Google,0.5,-1,-1,0.285553581850332,0.140625,0.246757075471698,0.086458333333333,0.087849084003575,0.011925042589438,0.053287904599659,0.588089330024814,0.3703125,0.31988122553651,0.006893235011221,0.039431744347377,0.308046649678006,2.49,0.387940841865757,95,86.0,,0.284375,0.0859375
500070033042,So. Burlington,Vermont,VT,Chittenden County,"Burlington, VT",117731,VT Congressional District (at Large),920,1197.0,2.3049464036,Forest,Google,0.5,-1,-1,0.353837497200403,0.128654970760234,0.225753061900033,0.257309941520468,0.261448975432325,0.128266033254157,0.573165931455717,0.334448160535117,0.25062656641604,0.181917409496089,0.006893235011221,0.039431744347377,0.308046649678006,2.4,0.38452787258248,100,86.0,,0.120300751879699,0.130325814536341
500070033043,So. Burlington,Vermont,VT,Chittenden County,"Burlington, VT",117731,VT Congressional District (at Large),1355,1404.0,2.1602170635,Forest,Google,0.5,-1,-1,0.278490208388763,0.141737891737892,0.248709885502338,0.010416666666667,0.010584226988382,0.0,0.0,0.623121387283237,0.383903133903134,0.338936319442765,0.006893235011221,0.039431744347377,0.308046649678006,3.93,0.44254835039818,92,86.0,,0.168091168091168,0.215811965811966
500070033044,So. Burlington,Vermont,VT,Chittenden County,"Burlington, VT",117731,VT Congressional District (at Large),1798,2017.0,1.7544803741,Forest,Google,0.5,-1,-1,0.33152428662902,0.211700545364402,0.371474541865838,0.303552206673843,0.308435083992993,0.053685897435897,0.239899267399267,0.369314324507807,0.26970748636589,0.200882268560732,0.006893235011221,0.039431744347377,0.308046649678006,1.03,0.332574895714827,100,86.0,,0.139315815567675,0.130391670798215
500070034011,Shelburne,Vermont,VT,Chittenden County,"Burlington, VT",117731,VT Congressional District (at Large),1518,3393.0,2.588464497,Forest,Google,0.5,-1,-1,0.291398590039922,0.087827880931329,0.154113074087049,0.185676392572944,0.188663144196102,0.040371229698376,0.180401723566456,0.715369059656218,0.417035072207486,0.389112877637274,0.002946375957572,0.016854313442253,0.30581318399115,-1.05,0.253697383390216,98,98.0,,0.208664898320071,0.208370173887415
500070034012,Shelburne,Vermont,VT,Chittenden County,"Burlington, VT",117731,VT Congressional District (at Large),2098,1936.0,4.8274372671,Forest,Google,0.5,-1,-1,0.29575639214875,0.09349173553719,0.164051535942616,0.090486039296794,0.091941578802909,0.065040650406504,0.290638792102206,0.739442946990117,0.425103305785124,0.402207460705921,0.002946375957572,0.016854313442253,0.30581318399115,-1.12,0.251042851725446,100,98.0,,0.233471074380165,0.191632231404959
500070034021,Shelburne,Vermont,VT,Chittenden County,"Burlington, VT",117731,VT Congressional District (at Large),986,1433.0,3.5478250384,Forest,Google,0.5,-1,-1,0.316072211758173,0.06559665038381,0.115103556333855,0.166541635408852,0.169220589329638,0.039007092198581,0.174305977710233,1.330081300813008,0.570830425680391,0.72347518454264,0.0,0.0,0.30581318399115,-2.66,0.192643155100493,100,98.0,,0.211444521981856,0.359385903698535
500070034023,Shelburne,Vermont,VT,Chittenden County,"Burlington, VT",117731,VT Congressional District (at Large),799,920.0,1.6802008924,Forest,Google,0.5,-1,-1,0.340742727812291,0.065217391304348,0.114438063986874,0.245714285714286,0.249666794331674,0.0,0.0,1.548476454293629,0.607608695652174,0.842267527440049,0.0,0.0,0.30581318399115,1.76,0.360257868790292,97,98.0,,0.147826086956522,0.459782608695652
500070036001,So. Burlington,Vermont,VT,Chittenden County,"Burlington, VT",117731,VT Congressional District (at Large),1435,1231.0,0.8466369864,Forest,Google,0.5,-1,-1,0.332345501496591,0.085296506904955,0.149671229097374,0.26157595450853,0.265783610613224,0.031901840490798,0.142555652936021,0.369299221357063,0.269699431356621,0.200874053457817,0.030566758649968,0.174852679569375,0.438430478419885,3.73,0.434963974213121,89,86.0,,0.101543460601137,0.168155970755483
500070036002,So. Burlington,Vermont,VT,Chittenden County,"Burlington, VT",117731,VT Congressional District (at Large),1511,1291.0,2.5894389651,Forest,Google,0.5,-1,-1,0.360864136140169,0.155693261037955,0.273197608991129,0.12858249419055,0.130650845303535,0.038821954484605,0.173478676611206,0.655128205128205,0.395817195972115,0.356345885634589,0.030566758649968,0.174852679569375,0.438430478419885,4.97,0.481987106560485,92,86.0,,0.18280402788536,0.213013168086754
500070036003,So. Burlington,Vermont,VT,Chittenden County,"Burlington, VT",117731,VT Congressional District (at Large),1757,2367.0,2.0067531889,Forest,Google,0.5,-1,-1,0.348996304444297,0.12843261512463,0.225362890690389,0.325728770595691,0.330968375484629,0.014030612244898,0.062696793002915,0.33277027027027,0.249683143219265,0.181004749519394,0.030566758649968,0.174852679569375,0.438430478419885,6.06,0.523321956769056,80,86.0,,0.067173637515843,0.182509505703422
500070039001,Burlington,Vermont,VT,Chittenden County,"Burlington, VT",117731,VT Congressional District (at Large),1568,1439.0,0.7386026411,Forest,Google,0.5,-1,-1,0.354775662441416,0.171646977067408,0.301191865420169,0.236071765816808,0.239869166875524,0.050742574257426,0.226746817538897,0.317765567765568,0.241139680333565,0.172843195855748,0.005068226120858,0.02899204747365,0.5,5.76,0.511945392491468,85,86.0,,0.104933981931897,0.136205698401668
500070039002,Burlington,Vermont,VT,Chittenden County,"Burlington, VT",117731,VT Congressional District (at Large),30,0.0,0.9470924668,Forest,Google,0.5,-1,-1,0.205117115026232,0.0,0.0,0.0,0.0,0.0,0.0,0.0,0.0,0.0,0.005068226120858,0.02899204747365,0.5,-0.13,0.288585513841487,91,86.0,,0.0,0.0
500070039003,Burlington,Vermont,VT,Chittenden County,"Burlington, VT",117731,VT Congressional District (at Large),868,494.0,0.5955485915,Forest,Google,0.4,-1,-1,0.573078745460864,0.299595141700405,0.525704682606371,0.914893617021277,0.929610404426445,0.170454545454545,0.761688311688311,0.231920199501247,0.188259109311741,0.126149062490218,0.005068226120858,0.02899204747365,0.5,13.55,0.807356844899507,61,86.0,,0.188259109311741,0.0
500070039004,Burlington,Vermont,VT,Chittenden County,"Burlington, VT",117731,VT Congressional District (at Large),4444,5242.0,0.4718070489,Forest,Google,0.4,-1,-1,0.447211179031675,0.128576879053796,0.225616033056661,0.984168865435356,1.0,0.037332005973121,0.166820735262746,0.003829950210647,0.003815337657383,0.002083236516252,0.005068226120858,0.02899204747365,0.5,12.75,0.777019340159272,68,86.0,,0.003815337657383,0.0
500070039005,Burlington,Vermont,VT,Chittenden County,"Burlington, VT",117731,VT Congressional District (at Large),433,591.0,0.1079865628,Forest,Google,0.5,-1,-1,0.301487106259841,0.074450084602369,0.130638827698496,0.0,0.0,0.082051282051282,0.366652014652014,0.011986301369863,0.011844331641286,0.006519745514988,0.005068226120858,0.02899204747365,0.5,6.35,0.534319302237391,92,86.0,,0.011844331641286,0.0
500070040021,So. Burlington,Vermont,VT,Chittenden County,"Burlington, VT",117731,VT Congressional District (at Large),1978,1860.0,2.027987615,Forest,Google,0.5,-1,-1,0.366885734098386,0.208064516129032,0.365094339622641,0.293548387096774,0.298270345066159,0.059880239520958,0.267579127459367,0.582978723404255,0.368279569892473,0.317101397667587,0.021941992433796,0.125515963798279,0.249808718823549,4.19,0.452408039438756,92,86.0,,0.200537634408602,0.167741935483871
500070040022,So. Burlington,Vermont,VT,Chittenden County,"Burlington, VT",117731,VT Congressional District (at Large),1937,1381.0,1.5455291519,Forest,Google,0.5,-1,-1,0.312799135550908,0.139029688631427,0.243957755523069,0.142648134601317,0.144942742664609,0.034526854219949,0.154285714285714,0.499457111834962,0.333091962346126,0.27167123237885,0.021941992433796,0.125515963798279,0.249808718823549,4.52,0.464922260144103,92,86.0,,0.200579290369298,0.132512671976828
500070040023,So. Burlington,Vermont,VT,Chittenden County,"Burlington, VT",117731,VT Congressional District (at Large),673,818.0,2.7829284794,Forest,Google,0.5,-1,-1,0.327367699570959,0.271393643031785,0.47621903399917,0.206601466992665,0.209924814987185,0.076106194690265,0.340085967130215,0.365609348914858,0.267726161369193,0.198867009870006,0.021941992433796,0.125515963798279,0.249808718823549,-3.31,0.167993932499052,87,86.0,,0.0880195599022,0.179706601466993
500070040024,So. Burlington,Vermont,VT,Chittenden County,"Burlington, VT",117731,VT Congressional District (at Large),143,93.0,2.0629107906,Forest,Google,0.5,-1,-1,0.382721818308781,0.56989247311828,1.0,0.0,0.0,0.0,0.0,0.55,0.354838709677419,0.299163179916318,0.021941992433796,0.125515963798279,0.249808718823549,6.09,0.524459613196815,71,86.0,,0.354838709677419,0.0
500070041001,Burlington,Vermont,VT,Chittenden County,"Burlington, VT",117731,VT Congressional District (at Large),795,1107.0,0.0961517872,Forest,Google,0.4,-1,-1,0.496263070215356,0.086720867208672,0.152170578309557,0.75152749490835,0.763616409035562,0.149025069637883,0.665929168324711,0.041392285983067,0.039747064137308,0.022514632543091,0.010853293413174,0.062084680197128,0.656913795949813,12.27,0.758816837315131,80,86.0,,0.012646793134598,0.02710027100271
500070041002,Burlington,Vermont,VT,Chittenden County,"Burlington, VT",117731,VT Congressional District (at Large),1436,1565.0,0.2180018602,Forest,Google,0.3,-1,-1,0.463440070497914,0.179552715654952,0.315064199168123,0.720127795527157,0.73171162065628,0.02414113277623,0.107876376177212,0.015574302401038,0.015335463258786,0.008471377875042,0.010853293413174,0.062084680197128,0.656913795949813,17.17,0.944634053849071,84,86.0,,0.0,0.015335463258786
500070042001,Burlington,Vermont,VT,Chittenden County,"Burlington, VT",117731,VT Congressional District (at Large),1925,1677.0,0.2097352979,Forest,Google,0.3,-1,-1,0.423629513909727,0.083482409063804,0.146488000810072,0.566964285714286,0.576084354653389,0.037720706260032,0.168557670259115,0.108393919365499,0.097793679189028,0.058959035638138,0.035863026376677,0.205149205751188,0.524185824768452,14.35,0.837694349639742,93,86.0,,0.032796660703637,0.06499701848539
500070042002,Burlington,Vermont,VT,Chittenden County,"Burlington, VT",117731,VT Congressional District (at Large),1502,1932.0,0.2393831764,Forest,Google,0.4,-1,-1,0.455886940629946,0.228778467908903,0.401441462557131,0.582554517133956,0.591925367275521,0.008510638297872,0.038030395136778,0.19185687847008,0.160973084886128,0.104357297912596,0.035863026376677,0.205149205751188,0.524185824768452,16.07,0.902919984831248,75,86.0,,0.083850931677019,0.07712215320911
500070042003,Burlington,Vermont,VT,Chittenden County,"Burlington, VT",117731,VT Congressional District (at Large),774,871.0,0.1078914007,Forest,Google,0.3,-1,-1,0.411900494083029,0.164179104477612,0.288087862573923,0.351320321469575,0.356971586694287,0.036484245439469,0.1630324567638,0.140052356020942,0.12284730195178,0.07617910578545,0.035863026376677,0.205149205751188,0.524185824768452,13.68,0.812286689419795,90,86.0,,0.099885189437428,0.022962112514351
500079800001,So. Burlington,Vermont,VT,Chittenden County,"Burlington, VT",117731,VT Congressional District (at Large),0,0.0,3.1099673101,Forest,Google,0.5,-1,-1,0.23153318340018,0.0,0.0,0.0,0.0,0.0,0.0,0.0,0.0,0.0,0.0,0.0,0.249808718823549,12.65,0.773227152066743,76,86.0,,0.0,0.0
500110105004,Swanton,Vermont,VT,Franklin County,"St. Albans, VT",11205,VT Congressional District (at Large),308,1918.0,0.851369096,Forest,Google,0.5,-1,-1,0.455963703225845,0.062565172054223,0.210971869988509,0.2574568288854,0.174222513998777,0.051142546245919,0.532669289361345,0.797563261480787,0.443691345151199,0.9164539384031,0.000631113916062,0.063455635560396,0.870833333333334,-3.14,0.0,87,87.0,,0.24400417101147,0.199687174139729
500110106001,St. Albans Town,Vermont,VT,Franklin County,"St. Albans, VT",11205,VT Congressional District (at Large),2754,4137.0,8.2643087806,Forest,Google,0.5,-1,-1,0.314631099915848,0.032632342277012,0.098897273830445,0.183668341708543,0.026684479302314,0.023430178069353,0.244034316199265,0.75519728468392,0.430263475948755,0.834522853611587,0.0,0.0,0.37463768115942,-2.15,0.090576395242452,85,79.0,,0.18854242204496,0.241721053903795
500110106002,St. Albans Town,Vermont,VT,Franklin County,"St. Albans, VT",11205,VT Congressional District (at Large),477,876.0,3.9645012842,Forest,Google,0.5,-1,-1,0.333864423034662,0.059360730593607,0.198973790111541,0.183789954337899,0.026927640383616,0.0,0.0,0.813664596273292,0.448630136986301,0.94759212819314,0.0,0.0,0.37463768115942,-0.18,0.270814272644099,66,79.0,,0.171232876712329,0.277397260273973
500110106003,St. Albans Town,Vermont,VT,Franklin County,"St. Albans, VT",11205,VT Congressional District (at Large),901,1096.0,2.1465515235,Forest,Google,0.5,-1,-1,0.19493048811753,0.019160583941606,0.048456273556919,0.182481751824817,0.024311925722025,0.0,0.0,0.323671497584541,0.244525547445255,0.0,0.0,0.0,0.37463768115942,0.04,0.290942360475755,88,79.0,,0.077554744525547,0.166970802919708
500110107001,St. Albans City,Vermont,VT,Franklin County,"St. Albans, VT",11205,VT Congressional District (at Large),829,1232.0,0.7076216743,Forest,Google,0.5,-1,-1,0.66666273864244,0.007305194805195,0.004067287963196,0.670454545454545,1.0,0.044496487119438,0.463448027382454,0.39524348810872,0.283279220779221,0.138412265399899,0.00994575045208,1.0,0.801449275362319,7.79,1.0,40,65.0,,0.184253246753247,0.099025974025974
500110107002,St. Albans City,Vermont,VT,Franklin County,"St. Albans, VT",11205,VT Congressional District (at Large),1039,955.0,0.7200111498,Forest,Google,0.5,-1,-1,0.64343842779791,0.273298429319372,1.0,0.453403141361256,0.566011734170972,0.0,0.0,0.438253012048193,0.304712041884817,0.221587898753598,0.00994575045208,1.0,0.801449275362319,3.83,0.637694419030192,66,65.0,,0.201047120418848,0.103664921465968
500110107003,St. Albans City,Vermont,VT,Franklin County,"St. Albans, VT",11205,VT Congressional District (at Large),880,911.0,0.6842462805,Forest,Google,0.5,-1,-1,0.598038879165891,0.015367727771679,0.034255049459698,0.358946212952799,0.377147724160219,0.062157221206581,0.647391365490086,0.446031746031746,0.308452250274424,0.236631104688231,0.00994575045208,1.0,0.801449275362319,5.35,0.77676120768527,58,65.0,,0.184412733260154,0.12403951701427
500110107004,St. Albans City,Vermont,VT,Franklin County,"St. Albans, VT",11205,VT Congressional District (at Large),663,405.0,0.3991397081,Forest,Google,0.5,-1,-1,0.607453223188451,0.101234567901235,0.355757944525627,0.276543209876543,0.212385203716915,0.0,0.0,0.639676113360324,0.390123456790123,0.611117763052494,0.00994575045208,1.0,0.801449275362319,7.42,0.966148215919488,60,65.0,,0.165432098765432,0.224691358024691
500110108001,St. Albans City,Vermont,VT,Franklin County,"St. Albans, VT",11205,VT Congressional District (at Large),847,712.0,0.7816653767,Forest,Google,0.5,-1,-1,0.412219005904386,0.098314606741573,0.344825016693477,0.179775280898876,0.018900412128862,0.065527065527065,0.682489590181898,0.719806763285024,0.418539325842697,0.766081523356144,0.0048,0.482618181818185,0.066666666666666,-2.41,0.066788655077768,100,65.0,,0.320224719101124,0.098314606741573
500110108002,St. Albans City,Vermont,VT,Franklin County,"St. Albans, VT",11205,VT Congressional District (at Large),816,804.0,0.5385723738,Forest,Google,0.5,-1,-1,0.318770000386491,0.006218905472637,0.0,0.170322580645161,0.0,0.0,0.0,0.56420233463035,0.360696517412935,0.465159873439557,0.0048,0.482618181818185,0.066666666666666,4.37,0.687099725526075,85,65.0,,0.181592039800995,0.17910447761194
500110108003,St. Albans City,Vermont,VT,Franklin County,"St. Albans, VT",11205,VT Congressional District (at Large),957,1269.0,0.5704864219,Forest,Google,0.5,-1,-1,0.59108706544371,0.105594956658786,0.372084125936877,0.509554140127389,0.678284099700604,0.096011816838995,1.0,0.54004854368932,0.350669818754925,0.418449129506648,0.0048,0.482618181818185,0.066666666666666,5.62,0.801463860933211,68,65.0,,0.22301024428684,0.127659574468085
500110108004,St. Albans City,Vermont,VT,Franklin County,"St. Albans, VT",11205,VT Congressional District (at Large),734,578.0,0.5246792949,Forest,Google,0.5,-1,-1,0.608086733109858,0.269896193771626,0.987261338874867,0.52076124567474,0.700692396582055,0.0,0.0,0.840764331210191,0.456747404844291,1.0,0.0048,0.482618181818185,0.066666666666666,4.67,0.714547118023788,68,65.0,,0.247404844290657,0.209342560553633
500219626001,West Rutland,Vermont,VT,Rutland County,"Rutland, VT",19329,VT Congressional District (at Large),587,1062.0,0.973162664,Forest,Google,0.5,-1,-1,0.367957219436956,0.015065913370998,0.060153280492263,0.429378531073446,0.556172778603756,0.042139384116694,0.283982806003805,0.643962848297214,0.391713747645951,0.190947110678813,0.002273760800364,0.256934970441112,0.518508771929825,-1.08,0.217411988582303,76,87.0,,0.218455743879473,0.173258003766478
500219626002,West Rutland,Vermont,VT,Rutland County,"Rutland, VT",19329,VT Congressional District (at Large),801,1167.0,2.6424415253,Forest,Google,0.5,-1,-1,0.357768804624809,0.133676092544987,0.533725058146652,0.271636675235647,0.319945549063608,0.012891344383057,0.086876451277123,0.800925925925926,0.444730077120823,0.284596043020225,0.002273760800364,0.256934970441112,0.518508771929825,-5.56,0.004281636536632,99,87.0,,0.159383033419023,0.285347043701799
500219627001,Rutland Town,Vermont,VT,Rutland County,"Rutland, VT",19329,VT Congressional District (at Large),409,1568.0,3.5328463316,Forest,Google,0.5,-1,-1,0.26954806276716,0.079081632653061,0.315747177992076,0.286352040816326,0.341982629991379,0.02257636122178,0.15214504301634,0.486255924170616,0.327168367346939,0.096854376958088,0.0,0.0,0.379152046783626,-4.96,0.032825880114177,100,100.0,,0.079719387755102,0.247448979591837
500219627002,Rutland Town,Vermont,VT,Rutland County,"Rutland, VT",19329,VT Congressional District (at Large),307,964.0,2.1648278784,Forest,Google,0.5,-1,-1,0.279415665508015,0.0,0.0,0.219917012448133,0.24249246859771,0.039748953974895,0.267873385482991,0.785185185185185,0.439834024896266,0.275204639723966,0.0,0.0,0.379152046783626,-0.8,0.230732635585157,100,100.0,,0.264522821576763,0.175311203319502
500219627003,Rutland Town,Vermont,VT,Rutland County,"Rutland, VT",19329,VT Congressional District (at Large),809,1401.0,2.7831577231,Forest,Google,0.5,-1,-1,0.347497408129821,0.002855103497502,0.011399497480868,0.321199143468951,0.394168110334625,0.076452599388379,0.515224039356469,0.937759336099585,0.483940042826552,0.366235005284391,0.0,0.0,0.379152046783626,-0.21,0.258801141769743,100,100.0,,0.206281227694504,0.277658815132048
500219628002,Mendon,Vermont,VT,Rutland County,"Rutland, VT",19329,VT Congressional District (at Large),104,1055.0,0.5126270681,Forest,Google,0.5,-1,-1,0.340941909154663,0.038862559241706,0.155165529573112,0.191469194312796,0.199890273835385,0.023762376237624,0.160137752905725,0.75540765391015,0.430331753554502,0.257438461500407,0.008849557522124,1.0,0.03,-4.15,0.071360608943863,100,100.0,,0.199052132701422,0.23127962085308
500219630001,Rutland City,Vermont,VT,Rutland County,"Rutland, VT",19329,VT Congressional District (at Large),829,1185.0,1.5708442152,Forest,Google,0.5,-1,-1,0.220856938387391,0.023628691983122,0.094341663961917,0.081841432225064,0.03571658397275,0.0,0.0,0.498103666245259,0.332489451476793,0.103923099186963,0.0,0.0,0.32875730994152,2.28,0.377259752616556,93,76.0,,0.064135021097046,0.268354430379747
500219630002,Rutland City,Vermont,VT,Rutland County,"Rutland, VT",19329,VT Congressional District (at Large),799,986.0,0.5053097621,Forest,Google,0.5,-1,-1,0.362417139404229,0.125760649087221,0.502121272912348,0.351926977687627,0.440184756383919,0.0,0.0,0.711805555555556,0.415821501014199,0.231424127298756,0.0,0.0,0.32875730994152,5.67,0.538534728829686,78,76.0,,0.172413793103448,0.243407707910751
500219630003,Rutland City,Vermont,VT,Rutland County,"Rutland, VT",19329,VT Congressional District (at Large),1278,1075.0,1.7000609682,Forest,Google,0.5,-1,-1,0.280889151663517,0.023255813953488,0.092852883550558,0.19906976744186,0.21127255613237,0.026315789473684,0.177345537757437,0.64624808575804,0.392558139534884,0.192310552652468,0.0,0.0,0.32875730994152,2.85,0.404376784015224,91,76.0,,0.18046511627907,0.212093023255814
500219630004,Rutland City,Vermont,VT,Rutland County,"Rutland, VT",19329,VT Congressional District (at Large),484,332.0,0.2265098172,Forest,Google,0.4,-1,-1,0.450687705803337,0.057228915662651,0.228496403195198,0.132530120481928,0.111625722560898,0.148387096774194,1.0,0.886363636363636,0.469879518072289,0.335570772141634,0.0,0.0,0.32875730994152,9.55,0.723120837297812,78,76.0,,0.066265060240964,0.403614457831325
500219630005,Rutland City,Vermont,VT,Rutland County,"Rutland, VT",19329,VT Congressional District (at Large),883,1065.0,0.6057031729,Forest,Google,0.5,-1,-1,0.370079999223498,0.069483568075117,0.277425235171714,0.267605633802817,0.313908839626018,0.044401544401544,0.299227799227799,0.939890710382514,0.484507042253521,0.367506647819894,0.0,0.0,0.32875730994152,5.15,0.513796384395814,79,76.0,,0.374647887323944,0.109859154929577
500219631001,Rutland City,Vermont,VT,Rutland County,"Rutland, VT",19329,VT Congressional District (at Large),1069,1064.0,0.4185623693,Forest,Google,0.4,-1,-1,0.477655431203049,0.106203007518797,0.424033986064061,0.37312030075188,0.471922940048791,0.077165354330709,0.520027387880862,0.390849673202614,0.281015037593985,0.039932114239816,0.0,0.0,0.75780701754386,9.56,0.723596574690771,77,76.0,,0.140977443609023,0.140037593984962
500219631002,Rutland City,Vermont,VT,Rutland County,"Rutland, VT",19329,VT Congressional District (at Large),967,1090.0,0.4402710341,Forest,Google,0.5,-1,-1,0.537714793692978,0.25045871559633,1.0,0.226046511627907,0.251671735584372,0.123649459783914,0.8332898376742,0.326034063260341,0.245871559633028,0.001261155681591,0.0,0.0,0.75780701754386,6.13,0.560418648905804,74,76.0,,0.093577981651376,0.152293577981651
500219631003,Rutland City,Vermont,VT,Rutland County,"Rutland, VT",19329,VT Congressional District (at Large),1159,1342.0,0.4976868,Forest,Google,0.3,-1,-1,0.573952697488807,0.022354694485842,0.089255007287794,0.603225806451613,0.816518772427461,0.120815138282387,0.814188975381305,0.690176322418136,0.408345752608048,0.218519470857996,0.0,0.0,0.75780701754386,15.16,0.990009514747859,77,76.0,,0.135618479880775,0.272727272727273
500219632001,Rutland City,Vermont,VT,Rutland County,"Rutland, VT",19329,VT Congressional District (at Large),568,707.0,0.5549890179,Forest,Google,0.5,-1,-1,0.255183192274383,0.038189533239038,0.152478356155866,0.057991513437058,0.0,0.0,0.0,0.707729468599034,0.414427157001414,0.228992210204775,0.0,0.0,0.356432748538012,4.21,0.469077069457659,87,76.0,,0.229137199434229,0.185289957567185
500219632002,Rutland City,Vermont,VT,Rutland County,"Rutland, VT",19329,VT Congressional District (at Large),621,626.0,0.9706896989,Forest,Google,0.5,-1,-1,0.322197825552646,0.071884984025559,0.287013306182635,0.0814696485623,0.035159817195939,0.065573770491803,0.441910192444761,0.85207100591716,0.460063897763578,0.315110748822726,0.0,0.0,0.356432748538012,0.5,0.292578496669838,93,76.0,,0.115015974440894,0.345047923322684
500219632003,Rutland City,Vermont,VT,Rutland County,"Rutland, VT",19329,VT Congressional District (at Large),909,845.0,4.1532474574,Forest,Google,0.5,-1,-1,0.340728830359352,0.143195266272189,0.571732015518998,0.284923928077455,0.339843951490465,0.067099567099567,0.452192734801431,0.373983739837398,0.272189349112426,0.029869386900014,0.0,0.0,0.356432748538012,-3.08,0.122264509990485,100,76.0,,0.157396449704142,0.114792899408284
500219632004,Rutland City,Vermont,VT,Rutland County,"Rutland, VT",19329,VT Congressional District (at Large),812,536.0,0.3659762991,Forest,Google,0.4,-1,-1,0.450668976712204,0.03544776119403,0.141531354217921,0.725746268656716,1.0,0.060240963855422,0.405971712938711,0.336658354114713,0.251865671641791,0.007599929808778,0.0,0.0,0.356432748538012,11.5,0.815889628924833,75,76.0,,0.055970149253731,0.19589552238806
500219633001,Rutland City,Vermont,VT,Rutland County,"Rutland, VT",19329,VT Congressional District (at Large),1332,1549.0,1.8936458368,Forest,Google,0.5,-1,-1,0.470529154891412,0.014202711426727,0.056706796538946,0.1611071682044,0.154421445839682,0.037542662116041,0.253004896868971,1.166433566433566,0.538411878631375,0.502668986117945,0.005270626393675,0.595580782485304,0.972222222222222,1.65,0.347288296860133,94,76.0,,0.281471917366043,0.256939961265332
500219633002,Rutland City,Vermont,VT,Rutland County,"Rutland, VT",19329,VT Congressional District (at Large),885,568.0,0.9190464396,Forest,Google,0.5,-1,-1,0.574790795326638,0.003521126760563,0.01405871124181,0.430062630480167,0.557197255631247,0.0,0.0,3.303030303030303,0.767605633802817,1.0,0.005270626393675,0.595580782485304,0.972222222222222,5.99,0.553758325404377,65,76.0,,0.051056338028169,0.716549295774648
500219633003,Rutland City,Vermont,VT,Rutland County,"Rutland, VT",19329,VT Congressional District (at Large),903,332.0,0.7289055939,Forest,Google,0.4,-1,-1,0.519268779305901,0.012048192771084,0.048104505935831,0.471875,0.619813611700593,0.0,0.0,0.366255144032922,0.268072289156627,0.025258272257501,0.005270626393675,0.595580782485304,0.972222222222222,15.37,1.0,59,76.0,,0.081325301204819,0.186746987951807
500219633004,Rutland City,Vermont,VT,Rutland County,"Rutland, VT",19329,VT Congressional District (at Large),780,797.0,0.4841482803,Forest,Google,0.5,-1,-1,0.563991293622566,0.051442910915935,0.205394772521498,0.560853199498118,0.753063429545542,0.051359516616314,0.346118481544726,0.323920265780731,0.244667503136763,0.0,0.005270626393675,0.595580782485304,0.972222222222222,9.83,0.736441484300666,46,76.0,,0.173149309912171,0.071518193224592
500219633005,Rutland City,Vermont,VT,Rutland County,"Rutland, VT",19329,VT Congressional District (at Large),514,429.0,0.2394701084,Forest,Google,0.5,-1,-1,0.584486744451099,0.0,0.0,0.543123543123543,0.726512279986536,0.067226890756303,0.453050785531604,0.772727272727273,0.435897435897436,0.26777187133976,0.005270626393675,0.595580782485304,0.972222222222222,10.18,0.753092293054234,41,76.0,,0.034965034965035,0.400932400932401
500219633006,Rutland City,Vermont,VT,Rutland County,"Rutland, VT",19329,VT Congressional District (at Large),1015,1406.0,3.3032906396,Forest,Google,0.5,-1,-1,0.405553412595794,0.021337126600284,0.085192190455348,0.113278319579895,0.082795076651533,0.05637707948244,0.379932492164269,0.393458870168484,0.282361308677098,0.041488840278917,0.005270626393675,0.595580782485304,0.972222222222222,-1.04,0.219314938154139,88,76.0,,0.025604551920341,0.256756756756757
500219634001,Clarendon,Vermont,VT,Rutland County,"Rutland, VT",19329,VT Congressional District (at Large),188,875.0,1.0202405047,Forest,Google,0.5,-1,-1,0.320272463842774,0.054857142857143,0.219026687598116,0.296,0.356430987128873,0.065022421524664,0.438194579840124,0.774847870182556,0.436571428571429,0.269037084093061,0.0,0.0,0.430540935672515,-5.65,0.0,100,90.0,,0.16,0.276571428571429
500219634002,Clarendon,Vermont,VT,Rutland County,"Rutland, VT",19329,VT Congressional District (at Large),317,1561.0,1.5568673415,Forest,Google,0.5,-1,-1,0.232925863702509,0.013452914798206,0.053713103040457,0.178090967328635,0.179855632554905,0.016646848989298,0.112185286667011,0.557884231536926,0.358103779628443,0.139589997408553,0.0,0.0,0.430540935672515,-3.17,0.117982873453853,88,90.0,,0.111467008327995,0.246636771300448
500239542002,Middlesex,Vermont,VT,Washington County,"Barre--Montpelier, VT",19994,VT Congressional District (at Large),37,1889.0,0.4405398065,Forest,Google,0.5,-1,-1,0.265100130084401,0.038115404976178,0.2157033812339,0.15,0.134206021691727,0.03347280334728,0.162078837260515,0.760484622553588,0.431974589730016,0.233457595526561,0.00445765230312,0.128056193435093,0.178270137880987,0.34,0.23233995584989,73,73.0,,0.225516146109052,0.206458443620963
500239545001,Berlin,Vermont,VT,Washington County,"Barre--Montpelier, VT",19994,VT Congressional District (at Large),10,1608.0,0.2444982568,Forest,Google,0.5,-1,-1,0.296723363779062,0.023009950248756,0.130218321798827,0.182835820895522,0.173690821697494,0.046858359957401,0.226893111372681,0.642492339121553,0.391169154228856,0.160488683404118,0.001898974553741,0.054552359907466,0.479039671020803,1.66,0.305187637969095,76,82.0,,0.183457711442786,0.20771144278607
500239545002,Berlin,Vermont,VT,Washington County,"Barre--Montpelier, VT",19994,VT Congressional District (at Large),668,1276.0,4.1774677424,Forest,Google,0.5,-1,-1,0.402355372069113,0.06269592476489,0.354809898250468,0.351243781094527,0.376199985363436,0.043778801843318,0.211981566820276,1.425855513307985,0.587774294670846,0.644936962177306,0.001898974553741,0.054552359907466,0.479039671020803,0.3,0.230132450331126,89,82.0,,0.210815047021944,0.376959247648903
500239546001,Montpelier,Vermont,VT,Washington County,"Barre--Montpelier, VT",19994,VT Congressional District (at Large),669,1321.0,0.578589821,Forest,Google,0.5,-1,-1,0.2219209339414,0.032551097653293,0.184213753758579,0.11884935654807,0.096747633467964,0.005393743257821,0.026117072616817,0.763684913217624,0.433005299015897,0.235436722647741,0.00533462657614,0.15324927255092,0.004716981132075,0.62,0.247792494481236,86,94.0,,0.203633610900833,0.229371688115064
500239546002,Montpelier,Vermont,VT,Washington County,"Barre--Montpelier, VT",19994,VT Congressional District (at Large),954,845.0,1.278125367,Forest,Google,0.5,-1,-1,0.286928516243673,0.062721893491124,0.354956860930217,0.389349112426035,0.422021327597132,0.052123552123552,0.252387726071937,0.382978723404255,0.276923076923077,0.0,0.00533462657614,0.15324927255092,0.004716981132075,0.96,0.266556291390728,100,94.0,,0.137278106508876,0.139644970414201
500239547001,Montpelier,Vermont,VT,Washington County,"Barre--Montpelier, VT",19994,VT Congressional District (at Large),452,930.0,1.2244122827,Forest,Google,0.5,-1,-1,0.26078267783225,0.067741935483871,0.383366372319337,0.061290322580645,0.027533376514857,0.033195020746888,0.160733784669141,0.901840490797546,0.474193548387097,0.32087504036164,0.00355871886121,0.102232287285666,0.214952225447509,-3.13,0.04083885209713,100,94.0,,0.138709677419355,0.335483870967742
500239547002,Montpelier,Vermont,VT,Washington County,"Barre--Montpelier, VT",19994,VT Congressional District (at Large),788,786.0,1.6867078511,Forest,Google,0.5,-1,-1,0.331068327637014,0.127226463104326,0.720002274439564,0.352417302798982,0.37761113539834,0.027972027972028,0.135443503864556,0.782312925170068,0.438931297709924,0.246956677407805,0.00355871886121,0.102232287285666,0.214952225447509,-3.87,0.0,100,94.0,,0.180661577608142,0.258269720101781
500239548001,Montpelier,Vermont,VT,Washington County,"Barre--Montpelier, VT",19994,VT Congressional District (at Large),1085,1113.0,0.5398274618,Forest,Google,0.5,-1,-1,0.251201768062575,0.033243486073675,0.188132130685098,0.115384615384615,0.092581311196137,0.021702838063439,0.105087426412442,0.792270531400966,0.442048517520216,0.253114670734808,0.0,0.0,0.058069514997581,4.81,0.479028697571744,96,94.0,,0.121293800539083,0.320754716981132
500239548002,Montpelier,Vermont,VT,Washington County,"Barre--Montpelier, VT",19994,VT Congressional District (at Large),1108,1027.0,0.4220890412,Forest,Google,0.4,-1,-1,0.280729522347081,0.076923076923077,0.435324452084229,0.126582278481013,0.106046407418339,0.014705882352941,0.071207430340557,0.428372739916551,0.299902629016553,0.028072615474709,0.0,0.0,0.058069514997581,8.94,0.706953642384106,93,94.0,,0.164556962025316,0.135345666991237
500239549001,Montpelier,Vermont,VT,Washington County,"Barre--Montpelier, VT",19994,VT Congressional District (at Large),765,931.0,2.4376630696,Forest,Google,0.5,-1,-1,0.258195444395995,0.114930182599356,0.650414943984062,0.121046892039258,0.099390151517117,0.006451612903226,0.031239388794567,0.743445692883895,0.426423200859291,0.222920362704514,0.0,0.0,0.130969551282051,-2.14,0.095474613686534,100,94.0,,0.163265306122449,0.263157894736842
500239549002,Montpelier,Vermont,VT,Washington County,"Barre--Montpelier, VT",19994,VT Congressional District (at Large),1080,1013.0,2.5901691463,Forest,Google,0.5,-1,-1,0.322645437301047,0.17670286278381,1.0,0.270459081836327,0.27905706014511,0.014285714285714,0.069172932330827,0.708263069139966,0.414610069101678,0.201162687494453,0.0,0.0,0.130969551282051,-2.94,0.051324503311258,100,94.0,,0.216189536031589,0.198420533070089
500239551001,Barre City,Vermont,VT,Washington County,"Barre--Montpelier, VT",19994,VT Congressional District (at Large),1336,1453.0,1.2740010677,Forest,Google,0.5,-1,-1,0.449744477559751,0.103234686854783,0.584227585384891,0.634549208534067,0.716872392445665,0.077155824508321,0.373596623935027,0.550693703308431,0.355127322780454,0.103718474414425,0.0,0.0,0.662570301161103,1.19,0.27924944812362,98,83.0,,0.179628355127323,0.175498967653131
500239551002,Barre City,Vermont,VT,Washington County,"Barre--Montpelier, VT",19994,VT Congressional District (at Large),1290,1235.0,1.0144647391,Forest,Google,0.5,-1,-1,0.387116694768594,0.103643724696356,0.586542419650329,0.290138549307253,0.302721455190445,0.037575757575757,0.181945773524721,0.468489892984542,0.319028340080972,0.052881907503598,0.0,0.0,0.662570301161103,4.22,0.446467991169978,98,83.0,,0.180566801619433,0.138461538461538
500239551003,Barre City,Vermont,VT,Washington County,"Barre--Montpelier, VT",19994,VT Congressional District (at Large),911,749.0,1.048760459,Forest,Google,0.5,-1,-1,0.321492958050456,0.081441922563418,0.460897584115879,0.335195530726257,0.356902098514502,0.0,0.0,0.434865900383142,0.303070761014686,0.032088122605364,0.0,0.0,0.662570301161103,-0.06,0.210264900662252,100,83.0,,0.2630173564753,0.040053404539386
500239551004,Barre City,Vermont,VT,Washington County,"Barre--Montpelier, VT",19994,VT Congressional District (at Large),694,1200.0,0.227164941,Forest,Google,0.4,-1,-1,0.499747164422703,0.045833333333333,0.259380819366853,0.4525,0.497959741744856,0.136518771331058,0.661038261181965,0.428571428571428,0.3,0.028195488721804,0.0,0.0,0.662570301161103,14.25,1.0,73,83.0,,0.263333333333333,0.036666666666667
500239552001,Barre City,Vermont,VT,Washington County,"Barre--Montpelier, VT",19994,VT Congressional District (at Large),801,949.0,0.3869091048,Forest,Google,0.5,-1,-1,0.383904435292255,0.0,0.0,0.351949420442571,0.377048510777871,0.0,0.0,0.387426900584795,0.279241306638567,0.002750846414281,0.003956739646531,0.113666338936715,1.0,9.08,0.714679911699779,92,83.0,,0.173867228661749,0.105374077976818
500239552002,Barre City,Vermont,VT,Washington County,"Barre--Montpelier, VT",19994,VT Congressional District (at Large),667,100.0,0.8012474751,Forest,Google,0.5,-1,-1,0.57433515180842,0.0,0.0,0.87,1.0,0.0,0.0,2.571428571428572,0.72,1.0,0.003956739646531,0.113666338936715,1.0,6.56,0.57560706401766,85,83.0,,0.0,0.72
500239552003,Barre City,Vermont,VT,Washington County,"Barre--Montpelier, VT",19994,VT Congressional District (at Large),691,938.0,0.7733431056,Forest,Google,0.5,-1,-1,0.593405406338881,0.102345415778252,0.579195006611,0.762672811059908,0.870939952926269,0.123983739837398,0.600342319212666,0.842829076620825,0.457356076759062,0.284381139489195,0.003956739646531,0.113666338936715,1.0,3.18,0.389072847682119,95,83.0,,0.457356076759062,0.0
500239552004,Barre City,Vermont,VT,Washington County,"Barre--Montpelier, VT",19994,VT Congressional District (at Large),874,746.0,1.3076663243,Forest,Google,0.5,-1,-1,0.446929741345313,0.063002680965147,0.356545898422873,0.406392694063927,0.442516091973371,0.053125,0.257236842105263,0.71889400921659,0.418230563002681,0.207737084647102,0.003956739646531,0.113666338936715,1.0,1.94,0.320640176600442,83,83.0,,0.155495978552279,0.262734584450402
500239552005,Barre City,Vermont,VT,Washington County,"Barre--Montpelier, VT",19994,VT Congressional District (at Large),534,524.0,0.5782512634,Forest,Google,0.5,-1,-1,0.563111148204419,0.020992366412214,0.118800375282528,0.505725190839695,0.561962588582795,0.206521739130435,1.0,0.668789808917197,0.400763358778626,0.176751592356688,0.003956739646531,0.113666338936715,1.0,7.56,0.630794701986755,61,83.0,,0.173664122137405,0.227099236641221
500239552006,Barre City,Vermont,VT,Washington County,"Barre--Montpelier, VT",19994,VT Congressional District (at Large),490,620.0,0.6105363947,Forest,Google,0.5,-1,-1,0.422655191990189,0.062903225806452,0.355983060010813,0.312903225806452,0.330095788289253,0.047120418848167,0.228162028106916,0.465721040189125,0.317741935483871,0.051169590643275,0.003956739646531,0.113666338936715,1.0,3.93,0.43046357615894,65,83.0,,0.095161290322581,0.22258064516129
500239553001,Barre Town,Vermont,VT,Washington County,"Barre--Montpelier, VT",19994,VT Congressional District (at Large),787,1378.0,2.1795833558,Forest,Google,0.5,-1,-1,0.311881326776226,0.055152394775036,0.312119418475484,0.182873730043541,0.173736407130936,0.0,0.0,1.273927392739274,0.560232220609579,0.550981413930867,0.006809848088004,0.195628363255391,0.24883360546686,-0.85,0.166666666666667,96,97.0,,0.153846153846154,0.406386066763425
500239553002,Barre Town,Vermont,VT,Washington County,"Barre--Montpelier, VT",19994,VT Congressional District (at Large),671,1693.0,2.0971793274,Forest,Google,0.5,-1,-1,0.249742327657084,0.082102776137035,0.464637498473834,0.038393384524513,0.0,0.010247651579846,0.049620207649782,0.514311270125224,0.339633786178382,0.081218811787967,0.006809848088004,0.195628363255391,0.24883360546686,-1.61,0.124724061810155,96,97.0,,0.131128174837566,0.208505611340815
500239553003,Barre Town,Vermont,VT,Washington County,"Barre--Montpelier, VT",19994,VT Congressional District (at Large),649,843.0,1.6904640965,Forest,Google,0.5,-1,-1,0.218664168803462,0.0,0.0,0.187425860023725,0.179210305360546,0.0,0.0,0.713414634146341,0.416370106761566,0.204348523748395,0.006809848088004,0.195628363255391,0.24883360546686,-2.15,0.094922737306843,96,97.0,,0.202846975088968,0.213523131672598
500239554001,Barre Town,Vermont,VT,Washington County,"Barre--Montpelier, VT",19994,VT Congressional District (at Large),700,1070.0,3.7843525365,Forest,Google,0.5,-1,-1,0.400508908471585,0.018691588785047,0.105779773403644,0.390654205607477,0.423590691232719,0.044668587896254,0.216290004550281,0.424766977363515,0.298130841121495,0.025842736001121,0.034810126582278,1.0,0.440512366956943,-1.6,0.125275938189845,100,97.0,,0.21588785046729,0.082242990654206
500239554002,Barre Town,Vermont,VT,Washington County,"Barre--Montpelier, VT",19994,VT Congressional District (at Large),779,1525.0,1.6333138108,Forest,Google,0.5,-1,-1,0.464295775843632,0.123934426229508,0.701371920505541,0.220899470899471,0.2194620424834,0.056876938986556,0.275404125619115,0.425233644859813,0.298360655737705,0.026131333005411,0.034810126582278,1.0,0.440512366956943,-0.78,0.170529801324503,100,97.0,,0.190819672131148,0.107540983606557
500239554003,Barre Town,Vermont,VT,Washington County,"Barre--Montpelier, VT",19994,VT Congressional District (at Large),504,1339.0,2.1440310514,Forest,Google,0.5,-1,-1,0.400860990871954,0.097834204630321,0.553665079835281,0.137415982076176,0.119073845384269,0.0,0.0,0.438238453276047,0.30470500373413,0.03417378031545,0.034810126582278,1.0,0.440512366956943,-0.38,0.192604856512141,100,97.0,,0.110530246452577,0.194174757281553
500259670001,Rockingham,Vermont,VT,Windham County,"Bellows Falls, VT--NH",3054,VT Congressional District (at Large),988,824.0,2.304104454,Forest,Google,0.5,-1,-1,0.578278896990793,0.148058252427184,0.506420700776027,0.363411619283065,0.648694943121436,0.058951965065502,0.164454414740654,0.691991786447639,0.408980582524272,0.456516172077562,0.011782592170277,1.0,0.94386074587938,-4.17,0.0,100,85.0,,0.268203883495146,0.140776699029126
500259670002,Rockingham,Vermont,VT,Windham County,"Bellows Falls, VT--NH",3054,VT Congressional District (at Large),1058,790.0,0.8837876947,Forest,Google,0.5,-1,-1,0.698799532301335,0.122784810126582,0.419975033945074,0.395287958115183,0.709607967046878,0.0,0.0,1.057291666666667,0.513924050632911,0.724049883231946,0.011782592170277,1.0,0.94386074587938,6.32,0.859836065573771,74,85.0,,0.116455696202532,0.39746835443038
500259670003,Rockingham,Vermont,VT,Windham County,"Bellows Falls, VT--NH",3054,VT Congressional District (at Large),741,1120.0,0.3692654935,Forest,Google,0.5,-1,-1,0.729872279403786,0.275,0.940614186851211,0.440754039497307,0.796489855133566,0.043348281016442,0.120925844908673,0.513513513513513,0.339285714285714,0.325804509402332,0.011782592170277,1.0,0.94386074587938,5.24,0.771311475409836,88,85.0,,0.24375,0.095535714285714
500259676001,Westminster,Vermont,VT,Windham County,"Bellows Falls, VT--NH",3054,VT Congressional District (at Large),267,1084.0,0.8288315636,Forest,Google,0.5,-1,-1,0.392141348859786,0.20479704797048,0.700490940895568,0.14760147601476,0.23629976532234,0.067209775967413,0.187490686006656,0.895104895104895,0.472324723247232,0.605269584508462,0.0,0.0,0.492659514398645,-3.56,0.05,100,100.0,,0.264760147601476,0.207564575645756
500259684001,Brattleboro,Vermont,VT,Windham County,"Brattleboro, VT",10070,VT Congressional District (at Large),848,1440.0,0.9219283123,Forest,Google,0.5,-1,-1,0.4648290715388,0.183333333333333,1.0,0.465972222222222,0.805770627896799,0.041198501872659,0.277098071854626,0.850899742930591,0.459722222222222,0.381857036726938,0.00028019052956,0.017041810653467,0.167261904761905,-1.75,0.188529993408042,100,88.0,,0.302083333333333,0.157638888888889
500259684002,Brattleboro,Vermont,VT,Windham County,"Brattleboro, VT",10070,VT Congressional District (at Large),865,852.0,0.9008260296,Forest,Google,0.5,-1,-1,0.383980017299884,0.132629107981221,0.689781796223459,0.278240190249703,0.278875429257242,0.055961070559611,0.376390015319456,0.945205479452055,0.485915492957746,0.482942168890655,0.00028019052956,0.017041810653467,0.167261904761905,-1.63,0.196440342781806,100,88.0,,0.169014084507042,0.316901408450704
500259684003,Brattleboro,Vermont,VT,Windham County,"Brattleboro, VT",10070,VT Congressional District (at Large),475,542.0,0.7179861091,Forest,Google,0.5,-1,-1,0.401294726573547,0.099630996309963,0.487893001757364,0.29520295202952,0.326483701769633,0.036101083032491,0.242813210322235,1.408888888888889,0.584870848708487,0.979958580128564,0.00028019052956,0.017041810653467,0.167261904761905,-2.76,0.121951219512195,100,88.0,,0.020295202952029,0.564575645756458
500259684004,Brattleboro,Vermont,VT,Windham County,"Brattleboro, VT",10070,VT Congressional District (at Large),540,1051.0,1.4500490127,Forest,Google,0.5,-1,-1,0.237362565584696,0.058039961941009,0.233431053358662,0.178877259752617,0.0,0.013311148086522,0.08952979601898,0.986767485822306,0.496669838249286,0.527491960471679,0.00028019052956,0.017041810653467,0.167261904761905,-4.1,0.033618984838497,100,88.0,,0.204567078972407,0.292102759276879
500259685001,Brattleboro,Vermont,VT,Windham County,"Brattleboro, VT",10070,VT Congressional District (at Large),631,573.0,0.2364522858,Forest,Google,0.4,-1,-1,0.67284597154707,0.104712041884817,0.518979815934916,0.525305410122164,0.972297200352129,0.0,0.0,0.627840909090909,0.385689354275742,0.14276307987271,0.016441359152357,1.0,0.821428571428572,10.56,1.0,32,88.0,,0.151832460732984,0.233856893542757
500259685002,Brattleboro,Vermont,VT,Windham County,"Brattleboro, VT",10070,VT Congressional District (at Large),1577,1118.0,2.1939162813,Forest,Google,0.5,-1,-1,0.5677866114441,0.103756708407871,0.51313490196241,0.472328244274809,0.823609658704528,0.011703511053316,0.078716948417858,0.494652406417112,0.330948121645796,0.0,0.016441359152357,1.0,0.821428571428572,1.48,0.401450230718523,100,88.0,,0.072450805008945,0.258497316636851
500259685003,Brattleboro,Vermont,VT,Windham County,"Brattleboro, VT",10070,VT Congressional District (at Large),659,352.0,0.210253068,Forest,Google,0.4,-1,-1,0.705950326557407,0.019886363636364,0.0,0.463068181818182,0.797620047894724,0.096385542168675,0.648282016956716,1.427586206896552,0.588068181818182,1.0,0.016441359152357,1.0,0.821428571428572,2.15,0.445616348055372,100,88.0,,0.28125,0.306818181818182
500259685004,Brattleboro,Vermont,VT,Windham County,"Brattleboro, VT",10070,VT Congressional District (at Large),1200,1996.0,0.6426760982,Forest,Google,0.5,-1,-1,0.654466421902124,0.028056112224449,0.049984093331506,0.535175879396985,1.0,0.148678414096916,1.0,0.536566589684373,0.349198396793587,0.044927285564871,0.016441359152357,1.0,0.821428571428572,1.4,0.396176664469347,94,88.0,,0.202404809619238,0.146793587174349
500259685005,Brattleboro,Vermont,VT,Windham County,"Brattleboro, VT",10070,VT Congressional District (at Large),1389,1744.0,1.4407552441,Forest,Google,0.5,-1,-1,0.506901155162318,0.022362385321101,0.015148776935589,0.369068541300527,0.53379741335441,0.040871934604905,0.274901604601877,0.761616161616162,0.432339449541284,0.286155089527098,0.016441359152357,1.0,0.821428571428572,-1.07,0.233355306526038,100,88.0,,0.165711009174312,0.266628440366972
500259686001,Brattleboro,Vermont,VT,Windham County,"Brattleboro, VT",10070,VT Congressional District (at Large),987,1180.0,1.0370755465,Forest,Google,0.5,-1,-1,0.518370012157008,0.069491525423729,0.303493921480056,0.448589626933576,0.756984036172149,0.108348134991119,0.728741530162489,0.680911680911681,0.405084745762712,0.199648972305269,0.000820681165367,0.049915652213556,0.844736842105263,1.01,0.370468029004614,100,88.0,,0.140677966101695,0.264406779661017
500259686002,Brattleboro,Vermont,VT,Windham County,"Brattleboro, VT",10070,VT Congressional District (at Large),777,1339.0,3.322208435,Forest,Google,0.5,-1,-1,0.542282099444166,0.070948469006721,0.312407782567195,0.476348547717842,0.834893181068566,0.132621951219512,0.892005420054201,0.549768518518518,0.354742345033607,0.059078266939285,0.000820681165367,0.049915652213556,0.844736842105263,2.17,0.446934739617666,100,88.0,,0.182972367438387,0.17176997759522
500259687002,Guilford,Vermont,VT,Windham County,"Brattleboro, VT",10070,VT Congressional District (at Large),122,965.0,0.6030585136,Forest,Google,0.5,-1,-1,0.231548636350991,0.069430051813472,0.303117814107914,0.289501590668081,0.310482064246786,0.022491349480969,0.151275150583109,0.735611510791367,0.423834196891192,0.258281031569898,0.0,0.0,0.0,-4.61,0.0,100,100.0,,0.116062176165803,0.307772020725389
500279650001,Norwich,Vermont,VT,Windsor County,"Lebanon, NH--VT",7194,VT Congressional District (at Large),423,1256.0,1.0756126166,Forest,Google,0.5,-1,-1,0.296971550051449,0.147292993630573,0.503803197937099,0.110668789808917,0.165724483438944,0.071547420965058,0.199591128606793,0.622739018087855,0.38375796178344,0.405797704510863,0.0,0.0,0.124297545104999,-2.55,0.132786885245902,100,100.0,,0.248407643312102,0.135350318471337
500279650002,Norwich,Vermont,VT,Windsor County,"Lebanon, NH--VT",7194,VT Congressional District (at Large),189,997.0,0.5561223661,Forest,Google,0.5,-1,-1,0.313158453579694,0.079237713139418,0.271025880409394,0.168505516549649,0.276245642668742,0.021621621621622,0.06031641397495,0.819343065693431,0.450351053159478,0.549784093042816,0.0,0.0,0.124297545104999,0.42,0.376229508196721,100,100.0,,0.312938816449348,0.13741223671013
500279650003,Norwich,Vermont,VT,Windsor County,"Lebanon, NH--VT",7194,VT Congressional District (at Large),225,1331.0,0.5444523044,Forest,Google,0.5,-1,-1,0.280789101890828,0.016528925619835,0.056535788841545,0.129977460555973,0.202621742229494,0.083776595744681,0.233706052153606,0.575147928994083,0.365138993238167,0.37094354393599,0.0,0.0,0.124297545104999,0.93,0.418032786885246,100,100.0,,0.216378662659654,0.148760330578512
500279655011,Hartford (white Rive,Vermont,VT,Windsor County,"Lebanon, NH--VT",7194,VT Congressional District (at Large),192,1770.0,1.5110068399,Forest,Google,0.5,-1,-1,0.450242257266158,0.034463276836158,0.117878716790804,0.299435028248588,0.526441015502092,0.0,0.0,0.640407784986098,0.390395480225989,0.418737732788383,0.008230452674897,0.698526483472722,0.42563725094781,2.38,0.536885245901639,97,96.0,,0.207909604519774,0.182485875706215
500279655012,Hartford (white Rive,Vermont,VT,Windsor County,"Lebanon, NH--VT",7194,VT Congressional District (at Large),11,1022.0,0.1064199521,Forest,Google,0.5,-1,-1,0.520563702668167,0.232876712328767,0.796535052377115,0.229941291585127,0.393644282905417,0.0,0.0,0.792982456140351,0.442270058708415,0.530478442852625,0.008230452674897,0.698526483472722,0.42563725094781,1.03,0.426229508196721,100,96.0,,0.148727984344423,0.293542074363992
500279655022,Hartford (white Rive,Vermont,VT,Windsor County,"Lebanon, NH--VT",7194,VT Congressional District (at Large),1108,1344.0,3.4597256659,Forest,Google,0.5,-1,-1,0.400362774687609,0.154761904761905,0.529349975284231,0.285046728971963,0.498946176063367,0.059574468085106,0.166190970420342,0.667493796526055,0.400297619047619,0.438574643721149,0.0,0.0,0.406371837272458,-0.55,0.29672131147541,100,96.0,,0.199404761904762,0.200892857142857
500279655023,Hartford (white Rive,Vermont,VT,Windsor County,"Lebanon, NH--VT",7194,VT Congressional District (at Large),955,809.0,3.5878399076,Forest,Google,0.5,-1,-1,0.352077427689522,0.03955500618047,0.135294545361226,0.304079110012361,0.535315468276556,0.01058201058201,0.029519938056523,0.743534482758621,0.426452410383189,0.494264360822416,0.0,0.0,0.406371837272458,0.22,0.359836065573771,100,96.0,,0.150803461063041,0.275648949320148
500279656001,Hartford (white Rive,Vermont,VT,Windsor County,"Lebanon, NH--VT",7194,VT Congressional District (at Large),805,1038.0,1.003637903,Forest,Google,0.5,-1,-1,0.36001243398276,0.0,0.0,0.140655105973025,0.223025831738699,0.065727699530516,0.1833562349708,0.360419397116645,0.264932562620424,0.213683374593862,0.003053793751468,0.259178430971375,0.470943911161303,4.03,0.672131147540984,97,96.0,,0.132947976878613,0.131984585741811
500279656002,Hartford (white Rive,Vermont,VT,Windsor County,"Lebanon, NH--VT",7194,VT Congressional District (at Large),838,634.0,1.1130091999,Forest,Google,0.5,-1,-1,0.50922213697465,0.230283911671924,0.787666597535284,0.197160883280757,0.331003657648982,0.023746701846966,0.066244610335285,1.092409240924092,0.522082018927445,0.74976884859869,0.003053793751468,0.259178430971375,0.470943911161303,2.15,0.518032786885246,100,96.0,,0.100946372239748,0.421135646687697
500279656003,Hartford (white Rive,Vermont,VT,Windsor County,"Lebanon, NH--VT",7194,VT Congressional District (at Large),803,736.0,1.5162487836,Forest,Google,0.5,-1,-1,0.46618431180744,0.168478260869565,0.576265608545208,0.296137339055794,0.520139406595334,0.0,0.0,0.572649572649573,0.364130434782609,0.369113829280097,0.003053793751468,0.259178430971375,0.470943911161303,3.79,0.652459016393443,100,96.0,,0.171195652173913,0.192934782608696
500279656004,Hartford (white Rive,Vermont,VT,Windsor County,"Lebanon, NH--VT",7194,VT Congressional District (at Large),1335,1534.0,1.643231469,Forest,Google,0.5,-1,-1,0.473411557758038,0.007822685788787,0.026756833571683,0.361147327249022,0.644368069964193,0.031017369727047,0.086527113720269,0.757159221076747,0.430899608865711,0.50424267453982,0.003053793751468,0.259178430971375,0.470943911161303,6.96,0.912295081967213,94,96.0,,0.290743155149935,0.140156453715776
500279656005,Hartford (white Rive,Vermont,VT,Windsor County,"Lebanon, NH--VT",7194,VT Congressional District (at Large),310,491.0,1.8692893403,Forest,Google,0.5,-1,-1,0.592591284805415,0.246435845213849,0.842912916933875,0.360488798370672,0.643109676221618,0.098958333333333,0.276057545731707,0.852830188679245,0.460285132382892,0.574308969106029,0.003053793751468,0.259178430971375,0.470943911161303,5.16,0.764754098360656,91,96.0,,0.309572301425662,0.15071283095723
500279666001,Springfield,Vermont,VT,Windsor County,"Springfield, VT",5025,VT Congressional District (at Large),807,912.0,3.3354358983,Forest,Google,0.5,-1,-1,0.357835772962618,0.06030701754386,0.206275040976143,0.102473498233215,0.150063965006893,0.0,0.0,0.583333333333333,0.368421052631579,0.376938266953326,0.0,0.0,0.850800596918609,0.97,0.421311475409836,94,95.0,,0.046052631578947,0.322368421052632
500279666002,Springfield,Vermont,VT,Windsor County,"Springfield, VT",5025,VT Congressional District (at Large),746,664.0,0.6987951761,Forest,Google,0.5,-1,-1,0.530865154627724,0.099397590361446,0.339981031392004,0.496987951807229,0.903948169715923,0.142523364485981,0.397588044221564,0.22735674676525,0.185240963855422,0.116232631814525,0.0,0.0,0.850800596918609,4.89,0.742622950819672,89,95.0,,0.018072289156626,0.167168674698795
500279666003,Springfield,Vermont,VT,Windsor County,"Springfield, VT",5025,VT Congressional District (at Large),866,811.0,0.9226356479,Forest,Google,0.5,-1,-1,0.436140022512962,0.0,0.0,0.372379778051788,0.66583234627565,0.049295774647887,0.1375171762281,0.82247191011236,0.451294697903822,0.552075556589201,0.0,0.0,0.850800596918609,0.81,0.408196721311475,100,95.0,,0.156596794081381,0.294697903822441
500279666004,Springfield,Vermont,VT,Windsor County,"Springfield, VT",5025,VT Congressional District (at Large),79,766.0,0.1675557921,Forest,Google,0.5,-1,-1,0.388625869749377,0.063968668407311,0.218799407337808,0.309399477806789,0.545482247230091,0.0,0.0,0.456273764258555,0.31331592689295,0.283883984997715,0.0,0.0,0.850800596918609,0.05,0.345901639344262,97,95.0,,0.142297650130548,0.171018276762402
500279666005,Springfield,Vermont,VT,Windsor County,"Springfield, VT",5025,VT Congressional District (at Large),503,1480.0,1.4463417945,Forest,Google,0.5,-1,-1,0.355600522439334,0.026351351351351,0.090132563359207,0.306081081081081,0.539141067955655,0.025240384615385,0.070411438789869,0.441090555014606,0.306081081081081,0.272764298033044,0.0,0.0,0.850800596918609,-2.16,0.164754098360656,100,95.0,,0.041891891891892,0.264189189189189
500279667001,Springfield,Vermont,VT,Windsor County,"Springfield, VT",5025,VT Congressional District (at Large),393,366.0,0.7713114706,Forest,Google,0.5,-1,-1,0.412214407918026,0.0,0.0,0.169398907103825,0.277952837478281,0.0,0.0,1.376623376623377,0.579234972677596,0.957918006601629,0.0,0.0,0.66787327579253,2.23,0.524590163934426,94,95.0,,0.183060109289617,0.396174863387978
500279667002,Springfield,Vermont,VT,Windsor County,"Springfield, VT",5025,VT Congressional District (at Large),874,1082.0,2.3003155182,Forest,Google,0.5,-1,-1,0.297795519570517,0.00369685767098,0.012644788262157,0.202402957486137,0.341020824086223,0.040076335877863,0.111798315025135,0.556834532374101,0.357670979667283,0.357531409886977,0.0,0.0,0.66787327579253,-3.59,0.047540983606557,100,95.0,,0.177449168207024,0.180221811460259
500279667003,Springfield,Vermont,VT,Windsor County,"Springfield, VT",5025,VT Congressional District (at Large),173,754.0,0.3631359431,Forest,Google,0.5,-1,-1,0.295578432841091,0.0,0.0,0.190981432360743,0.319195242519523,0.0,0.0,0.679287305122494,0.404509283819629,0.447211824550348,0.0,0.0,0.66787327579253,-3.11,0.086885245901639,100,95.0,,0.106100795755968,0.29840848806366
500279667004,Springfield,Vermont,VT,Windsor County,"Springfield, VT",5025,VT Congressional District (at Large),584,2254.0,0.5793610795,Forest,Google,0.4,-1,-1,0.582397904054934,0.116237799467613,0.397581539009466,0.522245762711864,0.952213738984755,0.231126596980256,0.644758647063822,0.532290958531611,0.347382431233363,0.339556497354468,0.0,0.0,0.66787327579253,4.98,0.75,100,95.0,,0.169032830523514,0.178349600709849
